Timestamp,Motor,Steering,CamPitch,CamYaw,AccelX,AccelY,AccelZ,GyroX,GyroY,GyroZ,ToF
[16:23:01.216],0.00,0.00,-0.00,0.00,0.00,-0.00,1.04,0.79,0.67,1.46,1922.00
[16:23:01.216],0.00,0.00,-0.00,0.00,0.00,-0.00,1.04,0.85,0.79,1.46,1922.00
[16:23:01.216],0.00,0.00,-0.00,0.00,0.00,-0.00,1.04,0.79,0.79,1.40,1924.00
[16:23:01.216],0.00,0.00,-0.00,0.00,0.00,-0.00,1.04,0.85,0.73,1.46,1924.00
[16:23:01.227],0.00,0.00,-0.00,0.00,0.01,-0.00,1.04,0.85,0.55,1.34,1941.00
[16:23:01.253],0.00,0.00,-0.00,0.00,0.01,-0.00,1.04,0.85,0.67,1.40,1941.00
[16:23:01.279],0.00,0.00,-0.00,0.00,0.01,-0.00,1.04,0.79,0.79,1.46,1941.00
[16:23:01.300],0.00,0.00,-0.00,0.00,0.01,-0.01,1.04,0.92,0.73,1.46,1941.00
[16:23:01.326],0.00,0.00,-0.00,0.00,0.01,-0.01,1.04,0.73,0.79,1.46,1960.00
[16:23:01.352],0.00,0.00,-0.00,0.00,0.01,-0.00,1.04,0.92,0.73,1.40,1960.00
[16:23:01.378],0.00,0.00,-0.00,0.00,0.01,-0.00,1.04,0.92,0.73,1.40,1960.00
[16:23:01.404],0.00,0.00,-0.00,0.00,0.01,-0.00,1.04,0.85,0.73,1.46,1960.00
[16:23:01.425],0.00,0.00,-0.00,0.00,0.01,-0.00,1.04,0.79,0.79,1.40,1978.00
[16:23:01.451],0.00,0.00,-0.00,0.00,0.01,-0.01,1.04,0.92,0.73,1.46,1978.00
[16:23:01.477],0.00,0.00,-0.00,0.00,0.01,-0.00,1.04,0.79,0.79,1.40,1978.00
[16:23:01.503],0.00,0.00,-0.00,0.00,0.01,-0.00,1.04,0.85,0.79,1.40,1978.00
[16:23:01.529],0.00,0.00,-0.00,0.00,0.01,-0.00,1.04,0.79,0.67,1.46,1978.00
[16:23:01.555],0.00,0.00,-0.00,0.00,0.01,-0.00,1.04,0.85,0.79,1.34,1958.00
[16:23:01.582],0.00,0.00,-0.00,0.00,0.01,-0.00,1.04,0.85,0.79,1.34,1956.00
[16:23:01.603],0.00,0.00,-0.00,0.00,0.01,-0.00,1.04,0.79,0.67,1.40,1956.00
[16:23:01.628],0.00,0.00,-0.00,0.00,0.01,-0.01,1.04,0.79,0.73,1.46,1956.00
[16:23:01.655],0.00,0.00,-0.00,0.00,0.01,-0.00,1.04,0.85,0.73,1.46,1956.00
[16:23:01.681],0.00,0.00,-0.00,0.00,0.01,-0.00,1.04,0.85,0.73,1.46,1956.00
[16:23:01.707],0.00,0.00,-0.00,0.00,0.01,-0.00,1.04,0.85,0.73,1.46,1952.00
[16:23:01.727],0.00,0.00,-0.00,0.00,0.01,-0.00,1.04,0.98,0.67,1.34,1952.00
[16:23:01.758],0.00,0.00,-0.00,0.00,0.01,-0.01,1.04,0.85,0.73,1.40,1952.00
[16:23:01.785],0.00,0.00,-0.00,0.00,0.01,-0.01,1.04,0.85,0.73,1.40,1952.00
[16:23:01.805],0.00,0.00,-0.00,0.00,0.01,-0.00,1.04,0.85,0.73,1.46,1982.00
[16:23:01.832],0.00,0.00,-0.00,0.00,0.01,-0.00,1.04,0.79,0.73,1.46,1982.00
[16:23:01.857],0.00,0.00,-0.00,0.00,0.01,-0.00,1.04,0.85,0.79,1.40,1982.00
[16:23:01.883],0.00,0.00,-0.00,0.00,0.01,-0.00,1.04,0.73,0.73,1.46,1982.00
[16:23:01.909],0.00,0.00,-0.00,0.00,0.01,-0.00,1.04,0.85,0.61,1.53,1975.00
[16:23:01.930],0.00,0.00,-0.00,0.00,0.01,-0.00,1.04,0.92,0.61,1.40,1975.00
[16:23:01.961],0.00,0.00,-0.00,0.00,0.01,-0.01,1.04,0.79,0.67,1.46,1973.00
[16:23:01.987],0.00,0.00,-0.00,0.00,0.01,-0.01,1.04,0.79,0.67,1.46,1973.00
[16:23:02.008],0.00,0.00,-0.00,0.00,0.01,-0.00,1.04,0.73,0.73,1.53,1973.00
[16:23:02.034],0.00,0.00,-0.00,0.00,0.01,-0.00,1.04,0.73,0.67,1.46,1973.00
[16:23:02.059],0.00,0.00,-0.00,0.00,0.01,-0.00,1.04,0.85,0.67,1.53,1976.00
[16:23:02.085],0.00,0.00,-0.00,0.00,0.01,-0.00,1.04,0.79,0.73,1.53,1976.00
[16:23:02.111],0.00,0.00,-0.00,0.00,0.01,-0.00,1.04,0.92,0.73,1.46,1976.00
[16:23:02.137],0.00,0.00,-0.00,0.00,0.01,-0.01,1.04,0.85,0.79,1.46,1976.00
[16:23:02.158],0.00,0.00,-0.00,0.00,0.01,-0.01,1.04,0.85,0.79,1.46,1988.00
[16:23:02.184],0.00,0.00,-0.00,0.00,0.01,-0.00,1.04,0.85,0.73,1.46,1988.00
[16:23:02.211],0.00,0.00,-0.00,0.00,0.01,-0.00,1.04,0.92,0.79,1.46,1971.00
[16:23:02.237],0.00,0.00,-0.00,0.00,0.01,-0.00,1.04,0.85,0.67,1.53,1971.00
[16:23:02.257],0.00,0.00,-0.00,0.00,0.01,-0.01,1.04,0.79,0.73,1.40,1971.00
[16:23:02.283],0.00,0.00,-0.00,0.00,0.01,-0.00,1.04,0.92,0.67,1.46,1971.00
[16:23:02.309],0.00,0.00,-0.00,0.00,0.01,-0.01,1.04,0.85,0.73,1.40,1991.00
[16:23:02.335],0.00,0.00,-0.00,0.00,0.01,-0.00,1.04,0.79,0.73,1.46,1991.00
[16:23:02.362],0.00,0.00,-0.00,0.00,0.01,-0.00,1.04,0.79,0.73,1.46,1950.00
[16:23:02.388],0.00,0.00,-0.00,0.00,0.01,-0.01,1.04,0.85,0.79,1.34,1950.00
[16:23:02.414],0.00,0.00,-0.00,0.00,0.01,-0.00,1.04,0.85,0.73,1.46,1950.00
[16:23:02.435],0.00,0.00,-0.00,0.00,0.01,-0.00,1.04,0.92,0.79,1.46,1950.00
[16:23:02.461],0.00,0.00,-0.00,0.00,0.01,-0.00,1.04,0.79,0.73,1.46,1963.00
[16:23:02.487],0.00,0.00,-0.00,0.00,0.01,-0.00,1.04,0.79,0.79,1.46,1963.00
[16:23:02.513],0.00,0.00,-0.00,0.00,0.01,-0.01,1.04,0.79,0.79,1.46,1963.00
[16:23:02.540],0.00,0.00,-0.00,0.00,0.01,-0.01,1.04,0.79,0.79,1.46,1963.00
[16:23:02.560],0.00,0.00,-0.00,0.00,0.01,-0.01,1.04,0.85,0.85,1.46,2010.00
[16:23:02.586],0.00,0.00,-0.00,0.00,0.01,-0.00,1.04,0.79,0.67,1.46,2010.00
[16:23:02.612],0.00,0.00,-0.00,0.00,0.01,-0.00,1.04,0.85,0.73,1.40,2010.00
[16:23:02.638],0.00,0.00,-0.00,0.00,0.01,-0.01,1.04,0.92,0.85,1.40,2010.00
[16:23:02.664],0.00,0.00,-0.00,0.00,0.01,-0.00,1.04,0.67,0.73,1.46,1988.00
[16:23:02.685],0.00,0.00,-0.00,0.00,0.01,-0.01,1.04,0.92,0.73,1.40,1988.00
[16:23:02.716],0.00,0.00,-0.00,0.00,0.01,-0.00,1.04,0.85,0.79,1.46,1988.00
[16:23:02.737],0.00,0.00,-0.00,0.00,0.01,-0.00,1.04,0.85,0.79,1.46,1988.00
[16:23:02.762],0.00,0.00,-0.00,0.00,0.01,-0.01,1.04,0.79,0.85,1.40,1940.00
[16:23:02.788],0.00,0.00,-0.00,0.00,0.01,-0.01,1.04,0.85,0.73,1.46,1940.00
[16:23:02.814],0.00,0.00,-0.00,0.00,0.01,-0.00,1.04,0.79,0.67,1.46,2116.00
[16:23:02.840],0.00,0.00,-0.00,0.00,0.01,-0.00,1.04,0.85,0.79,1.40,2116.00
[16:23:02.866],0.00,0.00,-0.00,0.00,0.01,-0.01,1.04,0.85,0.79,1.40,1976.00
[16:23:02.887],0.00,0.00,-0.00,0.00,0.01,-0.01,1.04,0.85,0.79,1.53,1976.00
[16:23:02.913],0.00,0.00,-0.00,0.00,0.01,-0.01,1.04,0.85,0.79,1.53,1976.00
[16:23:02.938],0.00,0.00,-0.00,0.00,0.01,-0.00,1.04,0.73,0.73,1.53,1976.00
[16:23:02.964],0.00,0.00,-0.00,0.00,0.01,-0.00,1.04,0.73,0.79,1.40,1976.00
[16:23:02.990],0.00,0.00,-0.00,0.00,0.01,-0.01,1.04,0.85,0.67,1.40,1966.00
[16:23:03.016],0.00,0.00,-0.00,0.00,0.01,-0.00,1.04,0.73,0.73,1.46,1966.00
[16:23:03.037],0.00,0.00,-0.00,0.00,0.01,-0.00,1.04,0.85,0.73,1.40,2006.00
[16:23:03.063],0.00,0.00,-0.00,0.00,0.01,-0.00,1.04,0.73,0.79,1.34,2006.00
[16:23:03.089],0.00,0.00,-0.00,0.00,0.01,-0.00,1.04,0.85,0.79,1.40,2006.00
[16:23:03.115],0.00,0.00,-0.00,0.00,0.01,-0.00,1.04,0.85,0.79,1.40,2006.00
[16:23:03.141],0.00,0.00,-0.00,0.00,0.01,-0.01,1.04,0.85,0.61,1.40,2011.00
[16:23:03.167],0.00,0.00,-0.00,0.00,0.01,-0.00,1.04,0.85,0.79,1.40,2011.00
[16:23:03.193],0.00,0.00,-0.00,0.00,0.01,-0.00,1.05,0.79,0.73,1.46,1991.00
[16:23:03.214],0.00,0.00,-0.00,0.00,0.01,-0.00,1.04,0.85,0.79,1.46,1991.00
[16:23:03.240],0.00,0.00,-0.00,0.00,0.01,-0.00,1.04,0.79,0.73,1.40,1991.00
[16:23:03.266],0.00,0.00,-0.00,0.00,0.01,-0.01,1.04,0.85,0.73,1.46,1991.00
[16:23:03.292],0.00,0.00,-0.00,0.00,0.01,-0.01,1.04,0.85,0.73,1.46,1942.00
[16:23:03.319],0.00,0.00,-0.00,0.00,0.01,-0.01,1.04,0.79,0.79,1.53,1942.00
[16:23:03.339],0.00,0.00,-0.00,0.00,0.01,-0.00,1.04,0.85,0.73,1.40,1942.00
[16:23:03.365],0.00,0.00,-0.00,0.00,0.01,-0.01,1.04,0.85,0.73,1.46,1942.00
[16:23:03.391],0.00,0.00,-0.00,0.00,0.01,-0.00,1.04,0.85,0.67,1.40,1958.00
[16:23:03.417],0.00,0.00,-0.00,0.00,0.01,-0.00,1.04,0.85,0.73,1.59,1958.00
[16:23:03.443],0.00,0.00,-0.00,0.00,0.01,-0.00,1.04,0.85,0.79,1.53,1958.00
[16:23:03.469],0.00,0.00,-0.00,0.00,0.01,-0.00,1.04,0.79,0.67,1.40,1958.00
[16:23:03.495],0.00,0.00,-0.00,0.00,0.01,-0.00,1.04,0.79,0.67,1.40,1981.00
[16:23:03.516],0.00,0.00,-0.00,0.00,0.01,-0.00,1.04,0.85,0.67,1.46,1981.00
[16:23:03.542],0.00,0.00,-0.00,0.00,0.01,-0.00,1.04,0.79,0.73,1.46,1981.00
[16:23:03.568],0.00,0.00,-0.00,0.00,0.01,-0.01,1.04,0.92,0.73,1.40,1981.00
[16:23:03.595],0.00,0.00,-0.00,0.00,0.01,-0.00,1.04,0.79,0.73,1.46,1966.00
[16:23:03.616],0.00,0.00,-0.00,0.00,0.01,-0.00,1.04,0.85,0.73,1.46,1966.00
[16:23:03.641],0.00,0.00,-0.00,0.00,0.01,-0.01,1.04,0.79,0.79,1.46,1998.00
[16:23:03.667],0.00,0.00,-0.00,0.00,0.01,-0.01,1.04,0.79,0.79,1.46,1998.00
[16:23:03.693],0.00,0.00,-0.00,0.00,0.01,-0.00,1.04,0.79,0.73,1.40,1998.00
[16:23:03.719],0.00,0.00,-0.00,0.00,0.01,-0.01,1.04,0.85,0.79,1.46,1998.00
[16:23:03.745],0.00,0.00,-0.00,0.00,0.01,-0.00,1.04,0.85,0.79,1.46,1998.00
[16:23:03.766],0.00,0.00,-0.00,0.00,0.01,-0.00,1.04,0.85,0.73,1.46,1998.00
[16:23:03.792],0.00,0.00,-0.00,0.00,0.01,-0.00,1.04,0.85,0.73,1.34,1998.00
[16:23:03.818],0.00,0.00,-0.00,0.00,0.01,-0.00,1.04,0.92,0.67,1.40,1998.00
[16:23:03.844],0.00,0.00,-0.00,0.00,0.01,-0.00,1.04,0.85,0.79,1.40,1986.00
[16:23:03.870],0.00,0.00,-0.00,0.00,0.01,-0.00,1.04,0.85,0.79,1.40,1986.00
[16:23:03.896],0.00,0.00,-0.00,0.00,0.01,-0.00,1.04,0.85,0.73,1.40,2014.00
[16:23:03.922],0.00,0.00,-0.00,0.00,0.01,-0.00,1.04,0.92,0.79,1.46,2014.00
[16:23:03.943],0.00,0.00,-0.00,0.00,0.01,-0.00,1.04,0.92,0.85,1.53,2014.00
[16:23:03.969],0.00,0.00,-0.00,0.00,0.01,-0.01,1.04,0.79,0.67,1.46,2014.00
[16:23:03.995],0.00,0.00,-0.00,0.00,0.01,-0.00,1.04,0.92,0.67,1.53,1993.00
[16:23:04.021],0.00,0.00,-0.00,0.00,0.01,-0.00,1.04,0.85,0.73,1.46,1993.00
[16:23:04.047],0.00,0.00,-0.00,0.00,0.01,-0.01,1.04,0.79,0.73,1.46,1977.00
[16:23:04.073],0.00,0.00,-0.00,0.00,0.01,-0.01,1.04,0.79,0.73,1.46,1977.00
[16:23:04.099],0.00,0.00,-0.00,0.00,0.01,-0.01,1.04,0.85,0.79,1.40,1977.00
[16:23:04.125],0.00,0.00,-0.00,0.00,0.01,-0.00,1.04,0.92,0.61,1.40,1977.00
[16:23:04.146],0.00,0.00,-0.00,0.00,0.01,-0.00,1.04,0.79,0.73,1.40,1921.00
[16:23:04.172],0.00,0.00,-0.00,0.00,0.01,-0.00,1.04,0.79,0.73,1.40,1921.00
[16:23:04.198],0.00,0.00,-0.00,0.00,0.01,-0.00,1.04,0.79,0.79,1.53,1955.00
[16:23:04.224],0.00,0.00,-0.00,0.00,0.01,-0.01,1.04,0.85,0.73,1.46,1955.00
[16:23:04.250],0.00,0.00,-0.00,0.00,0.01,-0.01,1.04,0.92,0.73,1.53,1955.00
[16:23:04.276],0.00,0.00,-0.00,0.00,0.01,-0.01,1.04,0.92,0.73,1.53,1955.00
[16:23:04.302],0.00,0.00,-0.00,0.00,0.01,-0.00,1.04,0.73,0.67,1.46,1952.00
[16:23:04.328],0.00,0.00,-0.00,0.00,0.01,-0.01,1.04,0.85,0.73,1.40,1952.00
[16:23:04.349],0.00,0.00,-0.00,0.00,0.01,-0.00,1.04,0.85,0.73,1.40,1952.00
[16:23:04.375],0.00,0.00,-0.00,0.00,0.01,-0.01,1.04,0.85,0.73,1.53,1952.00
[16:23:04.401],0.00,0.00,-0.00,0.00,0.01,-0.00,1.04,0.79,0.73,1.59,1935.00
[16:23:04.427],0.00,0.00,-0.00,0.00,0.01,-0.00,1.04,0.79,0.73,1.40,1935.00
[16:23:04.453],0.00,0.00,-0.00,0.00,0.01,-0.01,1.04,0.79,0.73,1.46,1935.00
[16:23:04.479],0.00,0.00,-0.00,0.00,0.01,-0.01,1.04,0.79,0.73,1.46,1935.00
[16:23:04.505],0.00,0.00,-0.00,0.00,0.01,-0.00,1.04,0.92,0.73,1.46,1980.00
[16:23:04.531],0.00,0.00,-0.00,0.00,0.01,-0.00,1.04,0.85,0.79,1.40,1980.00
[16:23:04.552],0.00,0.00,-0.00,0.00,0.01,-0.00,1.04,0.79,0.61,1.46,1956.00
[16:23:04.578],0.00,0.00,-0.00,0.00,0.02,-0.00,1.04,0.85,0.73,1.46,1956.00
[16:23:04.604],0.00,0.15,-0.00,0.00,0.01,-0.00,1.04,0.79,0.73,1.46,1956.00
[16:23:04.630],0.00,0.55,-0.00,0.00,0.01,-0.00,1.04,0.92,0.79,1.46,1956.00
[16:23:04.656],0.00,1.00,-0.00,0.00,0.01,-0.00,1.04,0.92,0.79,1.46,1956.00
[16:23:04.677],0.00,1.00,-0.00,0.00,0.01,-0.02,1.04,1.04,0.43,1.65,1966.00
[16:23:04.703],0.00,1.00,-0.00,0.00,0.00,-0.00,1.06,1.10,0.85,0.67,1966.00
[16:23:04.729],0.00,1.00,-0.00,0.00,0.00,-0.01,1.03,0.67,0.24,1.16,1966.00
[16:23:04.755],0.00,1.00,-0.00,0.00,-0.00,0.01,1.04,1.53,0.18,2.14,1966.00
[16:23:04.781],0.00,1.00,-0.00,0.00,-0.00,-0.00,1.04,0.98,0.49,1.83,1945.00
[16:23:04.802],0.00,1.00,-0.00,0.00,0.00,-0.01,1.04,0.98,0.37,1.28,1945.00
[16:23:04.833],0.00,1.00,-0.00,0.00,0.01,-0.01,1.04,0.92,0.55,1.22,1945.00
[16:23:04.854],0.00,1.00,-0.00,0.00,0.01,-0.01,1.04,0.92,0.55,1.22,1945.00
[16:23:04.880],0.00,1.00,-0.00,0.00,0.02,0.00,1.04,0.92,0.67,1.34,1955.00
[16:23:04.905],0.00,1.00,-0.00,0.00,0.01,0.00,1.04,0.85,0.85,1.46,1955.00
[16:23:04.931],0.00,1.00,-0.00,0.00,0.01,-0.01,1.04,0.92,0.85,1.53,1959.00
[16:23:04.957],0.00,1.00,-0.00,0.00,0.01,-0.00,1.04,0.85,0.73,1.53,1959.00
[16:23:04.983],0.00,1.00,-0.00,0.00,0.02,-0.00,1.04,0.85,0.61,1.34,1959.00
[16:23:05.004],0.00,1.00,-0.00,0.00,0.01,-0.00,1.04,0.79,0.67,1.53,1959.00
[16:23:05.035],0.00,1.00,-0.00,0.00,0.01,-0.00,1.04,0.85,0.73,1.53,2013.00
[16:23:05.061],0.00,1.00,-0.00,0.00,0.01,-0.00,1.04,0.85,0.73,1.53,2013.00
[16:23:05.082],0.00,1.00,-0.00,0.00,0.01,-0.00,1.04,0.79,0.73,1.40,2013.00
[16:23:05.108],0.00,1.00,-0.00,0.00,0.02,-0.00,1.04,0.85,0.73,1.46,2013.00
[16:23:05.134],0.00,1.00,-0.00,0.00,0.01,-0.00,1.04,0.79,0.67,1.40,1964.00
[16:23:05.160],0.00,1.00,-0.00,0.00,0.01,-0.00,1.04,0.85,0.85,1.40,1964.00
[16:23:05.186],0.00,1.00,-0.00,0.00,0.01,-0.00,1.04,0.79,0.79,1.46,1964.00
[16:23:05.207],0.00,1.00,-0.00,0.00,0.01,-0.00,1.04,0.85,0.61,1.46,1964.00
[16:23:05.233],0.00,1.00,-0.00,0.00,0.01,-0.00,1.04,0.85,0.61,1.46,1945.00
[16:23:05.259],0.37,1.00,-0.00,0.00,0.02,-0.00,1.04,0.85,0.67,1.46,1945.00
[16:23:05.285],1.00,1.00,-0.00,0.00,0.01,-0.00,1.04,0.85,0.61,1.40,1945.00
[16:23:05.311],1.00,1.00,-0.00,0.00,0.00,-0.02,1.04,0.67,0.37,1.34,1945.00
[16:23:05.332],1.00,1.00,-0.00,0.00,-0.06,-0.22,1.04,0.00,1.22,0.79,1930.00
[16:23:05.358],1.00,1.00,-0.00,0.00,-0.04,-0.19,1.03,0.18,-0.24,-5.00,1930.00
[16:23:05.384],1.00,1.00,-0.00,0.00,-0.05,-0.16,1.05,0.43,0.55,-8.12,1941.00
[16:23:05.410],1.00,1.00,-0.00,0.00,-0.07,-0.14,1.07,-0.12,2.69,-10.80,1941.00
[16:23:05.436],1.00,1.00,-0.00,0.00,-0.07,-0.14,1.07,-0.12,2.69,-10.80,1941.00
[16:23:05.462],1.00,1.00,-0.00,0.00,-0.04,-0.15,1.04,-0.18,3.30,-13.85,1941.00
[16:23:05.488],1.00,1.00,-0.00,0.00,-0.05,-0.13,1.06,0.61,1.65,-15.99,2009.00
[16:23:05.513],1.00,1.00,-0.00,0.00,-0.02,-0.12,1.04,0.55,2.01,-19.65,2009.00
[16:23:05.534],1.00,1.00,-0.00,0.00,-0.05,-0.12,1.12,0.43,1.16,-23.19,1916.00
[16:23:05.560],1.00,1.00,-0.00,0.00,-0.05,-0.11,0.97,-0.61,-0.92,-27.10,1916.00
[16:23:05.586],1.00,1.00,-0.00,0.00,-0.01,-0.11,1.01,2.44,-0.85,-27.95,1916.00
[16:23:05.613],1.00,1.00,-0.00,0.00,-0.04,-0.10,1.09,-0.98,4.52,-30.27,1916.00
[16:23:05.639],1.00,1.00,-0.00,0.00,-0.04,-0.10,1.09,-0.98,4.52,-30.27,1879.00
[16:23:05.665],1.00,1.00,-0.00,0.00,-0.03,-0.05,0.99,1.22,2.14,-32.29,1879.00
[16:23:05.691],1.00,1.00,-0.00,0.00,-0.05,-0.12,1.09,-4.58,-0.49,-32.84,1879.00
[16:23:05.717],1.00,1.00,-0.00,0.00,-0.06,-0.06,0.99,0.24,2.99,-35.16,1879.00
[16:23:05.737],1.00,1.00,-0.00,0.00,-0.09,-0.10,1.01,2.99,1.89,-36.19,1909.00
[16:23:05.763],1.00,1.00,-0.00,0.00,-0.09,-0.05,1.08,-2.62,1.89,-39.37,1909.00
[16:23:05.789],1.00,1.00,-0.00,0.00,-0.06,-0.07,1.02,3.05,1.83,-39.79,1673.00
[16:23:05.815],1.00,1.00,-0.00,0.00,-0.06,-0.03,1.24,3.48,2.08,-40.04,1673.00
[16:23:05.841],1.00,1.00,-0.00,0.00,-0.06,-0.03,1.24,3.48,2.08,-40.04,1673.00
[16:23:05.867],1.00,1.00,-0.00,0.00,-0.10,-0.05,0.96,-5.31,2.38,-43.76,1673.00
[16:23:05.893],1.00,1.00,-0.00,0.00,-0.06,-0.02,1.03,2.26,3.85,-47.12,1863.00
[16:23:05.919],1.00,1.00,-0.00,0.00,-0.12,-0.05,0.94,-1.04,0.55,-46.39,1863.00
[16:23:05.944],1.00,1.00,-0.00,0.00,-0.05,-0.05,1.14,-1.71,9.03,-49.13,1323.00
[16:23:05.965],1.00,1.00,-0.00,0.00,-0.06,-0.06,1.03,4.09,0.12,-48.71,1323.00
[16:23:05.991],1.00,1.00,-0.00,0.00,-0.07,-0.05,1.06,-0.18,-3.48,-50.96,2594.00
[16:23:06.017],1.00,1.00,-0.00,0.00,-0.07,-0.05,1.06,-0.18,-3.48,-50.96,2594.00
[16:23:06.043],1.00,1.00,-0.00,0.00,-0.11,-0.04,1.02,-1.71,8.00,-54.99,2594.00
[16:23:06.069],1.00,1.00,-0.00,0.00,-0.10,0.01,1.18,2.99,-5.68,-56.34,1509.00
[16:23:06.095],1.00,1.00,-0.00,0.00,-0.07,-0.09,0.80,3.17,0.73,-55.11,1509.00
[16:23:06.116],1.00,1.00,-0.00,0.00,-0.09,-0.01,1.18,-2.62,5.43,-54.87,2574.00
[16:23:06.141],1.00,1.00,-0.00,0.00,-0.15,-0.06,0.99,-1.34,2.69,-59.63,2574.00
[16:23:06.168],1.00,1.00,-0.00,0.00,-0.13,0.01,1.08,-1.10,2.44,-62.38,3558.00
[16:23:06.194],1.00,1.00,-0.00,0.00,-0.04,-0.04,0.93,-2.32,1.89,-61.77,3558.00
[16:23:06.220],1.00,1.00,-0.00,0.00,-0.04,-0.04,0.93,-2.32,1.89,-61.77,2252.00
[16:23:06.246],1.00,1.00,-0.00,0.00,-0.05,-0.00,1.18,4.76,8.30,-58.04,2252.00
[16:23:06.267],1.00,1.00,-0.00,0.00,-0.16,-0.08,0.77,-2.38,11.54,-60.18,2808.00
[16:23:06.293],1.00,1.00,-0.00,0.00,-0.21,0.04,1.42,2.99,-8.73,-64.51,2808.00
[16:23:06.319],1.00,1.00,-0.00,0.00,-0.07,-0.06,0.88,-6.84,2.08,-70.62,3317.00
[16:23:06.345],1.00,1.00,-0.00,0.00,-0.05,-0.03,1.21,-0.61,4.52,-63.42,3317.00
[16:23:06.371],1.00,1.00,-0.00,0.00,-0.20,-0.05,0.84,-3.05,4.52,-65.12,2796.00
[16:23:06.392],1.00,1.00,-0.00,0.00,-0.20,-0.05,0.84,-3.05,4.52,-65.12,2796.00
[16:23:06.418],1.00,1.00,-0.00,0.00,-0.13,0.05,1.25,2.81,-1.16,-69.46,2003.00
[16:23:06.444],1.00,1.00,-0.00,0.00,-0.03,-0.02,0.82,-4.15,2.93,-69.95,2003.00
[16:23:06.470],1.00,1.00,-0.00,0.00,-0.13,-0.02,1.31,-1.95,0.12,-69.40,2003.00
[16:23:06.495],1.00,1.00,-0.00,0.00,-0.12,0.01,0.94,-0.24,16.48,-74.77,2003.00
[16:23:06.521],1.00,1.00,-0.00,0.00,-0.03,-0.05,0.80,4.70,-8.97,-70.80,1839.00
[16:23:06.542],1.00,1.00,-0.00,0.00,-0.15,0.03,1.24,-4.64,6.23,-69.82,1839.00
[16:23:06.573],1.00,1.00,-0.00,0.00,-0.17,-0.09,0.87,-3.97,2.26,-71.17,1839.00
[16:23:06.599],1.00,1.00,-0.00,0.00,-0.17,-0.09,0.87,-3.97,2.26,-71.17,1839.00
[16:23:06.619],1.00,1.00,-0.00,0.00,-0.13,0.05,1.20,4.82,-0.85,-74.16,1866.00
[16:23:06.645],1.00,1.00,-0.00,0.00,-0.02,0.02,0.96,-0.31,3.42,-73.36,1866.00
[16:23:06.671],1.00,1.00,-0.00,0.00,-0.17,-0.07,0.90,-9.22,2.93,-70.31,2114.00
[16:23:06.697],1.00,1.00,-0.00,0.00,-0.10,0.02,1.32,7.14,-2.75,-79.90,2114.00
[16:23:06.723],1.00,1.00,-0.00,0.00,-0.09,0.04,0.57,-1.46,8.97,-79.65,2114.00
[16:23:06.744],1.00,1.00,-0.00,0.00,-0.17,0.03,1.28,-2.44,-3.23,-76.42,2114.00
[16:23:06.775],1.00,1.00,-0.00,0.00,-0.25,0.02,1.02,-0.79,-0.06,-79.65,2511.00
[16:23:06.801],1.00,1.00,-0.00,0.00,-0.25,0.02,1.02,-0.79,-0.06,-79.65,2511.00
[16:23:06.826],1.00,1.00,-0.00,0.00,-0.12,0.06,0.96,2.50,12.70,-85.33,2615.00
[16:23:06.847],1.00,1.00,-0.00,0.00,-0.14,-0.07,0.95,-0.12,-5.74,-80.75,2615.00
[16:23:06.873],1.00,1.00,-0.00,0.00,-0.29,0.06,1.19,-0.61,2.14,-84.84,2636.00
[16:23:06.899],1.00,1.00,-0.00,0.00,-0.13,0.00,0.83,6.71,4.15,-84.11,2636.00
[16:23:06.924],1.00,1.00,-0.00,0.00,-0.23,0.02,1.02,-11.47,10.13,-84.66,2770.00
[16:23:06.950],1.00,1.00,-0.00,0.00,-0.14,0.01,1.24,10.80,-13.06,-82.89,2770.00
[16:23:06.976],1.00,1.00,-0.00,0.00,-0.08,-0.00,0.96,-10.31,8.36,-85.57,2663.00
[16:23:07.004],1.00,1.00,-0.00,0.00,-0.08,-0.00,0.96,-10.31,8.36,-85.57,2663.00
[16:23:07.030],1.00,1.00,-0.00,0.00,-0.16,0.04,1.13,2.62,0.92,-82.89,2655.00
[16:23:07.051],1.00,1.00,-0.00,0.00,-0.12,-0.04,0.79,-2.93,-3.17,-86.24,2655.00
[16:23:07.076],1.00,1.00,-0.00,0.00,-0.12,0.11,1.30,0.85,2.75,-83.07,2370.00
[16:23:07.102],1.00,1.00,-0.00,0.00,-0.20,-0.02,1.03,-6.77,9.64,-83.86,2370.00
[16:23:07.128],1.00,1.00,-0.00,0.00,-0.21,0.04,0.89,9.83,7.14,-88.81,2264.00
[16:23:07.150],1.00,1.00,-0.00,0.00,-0.17,0.03,1.23,-3.05,-1.77,-85.63,2264.00
[16:23:07.181],1.00,1.00,-0.00,0.00,-0.20,0.04,0.82,-3.97,5.62,-85.51,2510.00
[16:23:07.207],1.00,1.00,-0.00,0.00,-0.20,0.04,0.82,-3.97,5.62,-85.51,2510.00
[16:23:07.228],1.00,1.00,-0.00,0.00,-0.15,0.06,1.07,3.36,1.65,-87.46,2629.00
[16:23:07.254],1.00,1.00,-0.00,0.00,-0.23,0.08,1.25,1.10,6.16,-82.15,2629.00
[16:23:07.280],1.00,1.00,-0.00,0.00,-0.23,-0.05,0.90,-8.79,2.69,-86.67,2266.00
[16:23:07.306],1.00,1.00,-0.00,0.00,-0.26,0.08,1.07,3.17,15.99,-90.39,2266.00
[16:23:07.332],0.53,1.00,-0.00,0.00,-0.16,0.03,0.94,3.91,-7.63,-85.63,1988.00
[16:23:07.358],0.00,1.00,-0.00,0.00,-0.28,0.06,1.11,-4.70,5.19,-89.36,1988.00
[16:23:07.378],0.00,1.00,-0.00,0.00,-0.28,0.06,1.11,-4.70,5.19,-89.36,1988.00
[16:23:07.404],0.00,1.00,-0.00,0.00,-0.15,0.17,1.13,14.04,2.81,-87.04,1988.00
[16:23:07.430],0.00,1.00,-0.00,0.00,-0.09,0.14,0.90,-10.56,4.39,-81.54,1652.00
[16:23:07.456],0.00,1.00,-0.00,0.00,-0.15,0.25,1.20,4.33,-4.88,-78.55,1652.00
[16:23:07.482],0.00,1.00,-0.00,0.00,-0.11,0.22,0.92,-1.89,6.71,-74.46,1219.00
[16:23:07.503],0.00,1.00,-0.00,0.00,-0.18,0.12,1.10,-6.16,5.19,-77.88,1219.00
[16:23:07.529],0.00,1.00,-0.00,0.00,-0.27,0.23,1.24,15.20,-4.88,-78.19,1219.00
[16:23:07.555],0.00,1.00,-0.00,0.00,-0.01,0.18,0.70,-4.15,2.75,-77.64,1219.00
[16:23:07.581],0.00,1.00,-0.00,0.00,-0.01,0.18,0.70,-4.15,2.75,-77.64,936.00
[16:23:07.607],0.00,1.00,-0.00,0.00,-0.05,0.17,1.11,2.87,2.14,-74.34,936.00
[16:23:07.633],0.00,1.00,-0.00,0.00,-0.20,0.14,0.98,-4.09,2.87,-76.84,936.00
[16:23:07.659],0.00,1.00,-0.00,0.00,-0.00,0.19,1.17,1.40,1.77,-74.28,936.00
[16:23:07.680],0.00,1.00,-0.00,0.00,0.14,0.15,1.04,1.04,-4.39,-67.57,936.00
[16:23:07.706],0.00,1.00,-0.00,0.00,-0.14,0.17,0.98,-6.96,0.85,-63.78,724.00
[16:23:07.732],0.00,1.00,-0.00,0.00,-0.03,0.10,0.91,3.23,9.58,-67.81,724.00
[16:23:07.763],0.00,1.00,-0.00,0.00,-0.02,0.13,1.01,0.18,-8.42,-62.13,724.00
[16:23:07.783],0.00,1.00,-0.00,0.00,-0.02,0.13,1.01,0.18,-8.42,-62.13,724.00
[16:23:07.809],0.00,1.00,-0.00,0.00,-0.05,0.21,1.24,2.56,11.29,-58.65,563.00
[16:23:07.835],0.00,1.00,-0.00,0.00,-0.02,0.15,0.98,-4.64,1.46,-56.09,563.00
[16:23:07.861],0.00,1.00,-0.00,0.00,-0.08,0.12,1.05,-2.32,0.55,-54.63,442.00
[16:23:07.887],0.00,1.00,-0.00,0.00,-0.06,0.14,1.06,2.75,0.98,-55.24,442.00
[16:23:07.908],0.00,1.00,-0.00,0.00,0.02,0.14,1.02,-3.23,0.31,-52.49,442.00
[16:23:07.934],0.00,1.00,-0.00,0.00,0.01,0.12,1.20,0.12,-3.05,-44.07,442.00
[16:23:07.960],0.00,1.00,-0.00,0.00,0.01,0.12,1.20,0.12,-3.05,-44.07,343.00
[16:23:07.986],0.00,1.00,-0.00,0.00,-0.04,0.09,1.00,0.31,8.30,-44.43,343.00
[16:23:08.012],0.00,1.00,-0.00,0.00,-0.01,0.15,1.02,-5.31,3.30,-42.72,343.00
[16:23:08.038],0.00,1.00,-0.00,0.00,0.00,0.12,1.18,6.35,-0.18,-41.32,343.00
[16:23:08.059],0.00,1.00,-0.00,0.00,0.02,0.11,1.02,-1.28,2.32,-37.23,262.00
[16:23:08.085],0.00,1.00,-0.00,0.00,0.04,0.12,1.06,1.04,1.95,-34.30,262.00
[16:23:08.111],0.00,1.00,-0.00,0.00,0.00,0.09,0.93,1.46,2.99,-30.82,262.00
[16:23:08.137],0.00,1.00,-0.00,0.00,-0.01,0.11,1.06,1.40,0.79,-30.76,262.00
[16:23:08.163],0.00,1.00,-0.00,0.00,-0.01,0.11,1.06,1.40,0.79,-30.76,205.00
[16:23:08.189],0.00,1.00,-0.00,0.00,0.04,0.14,1.17,0.92,1.40,-29.42,205.00
[16:23:08.210],0.00,1.00,-0.00,0.00,-0.00,0.11,1.00,-1.71,2.87,-27.65,205.00
[16:23:08.236],0.00,1.00,-0.00,0.00,0.02,0.13,1.02,0.37,0.55,-24.96,205.00
[16:23:08.262],0.00,1.00,-0.00,0.00,0.04,0.10,1.05,0.79,2.26,-22.52,171.00
[16:23:08.288],0.00,1.00,-0.00,0.00,0.03,0.13,1.07,1.77,2.08,-20.32,171.00
[16:23:08.314],0.00,1.00,-0.00,0.00,0.05,0.11,0.99,-0.61,1.77,-17.21,133.00
[16:23:08.339],0.00,1.00,-0.00,0.00,0.01,0.12,1.06,0.55,1.28,-13.79,133.00
[16:23:08.365],0.00,1.00,-0.00,0.00,0.01,0.12,1.06,0.55,1.28,-13.79,133.00
[16:23:08.391],0.00,1.00,-0.00,0.00,0.02,0.11,1.05,-0.31,0.12,-12.45,133.00
[16:23:08.417],0.00,1.00,-0.00,0.00,0.02,0.12,1.04,0.55,-0.61,-9.40,112.00
[16:23:08.438],0.00,1.00,-0.00,0.00,0.06,0.11,1.02,0.43,1.40,-7.75,112.00
[16:23:08.464],0.00,1.00,-0.00,0.00,0.04,0.05,1.03,0.06,1.16,-6.29,112.00
[16:23:08.489],0.00,1.00,-0.00,0.00,0.06,0.12,1.36,6.53,-3.17,-0.98,112.00
[16:23:08.515],0.00,1.00,-0.00,0.00,0.06,0.11,1.16,1.71,0.98,0.06,99.00
[16:23:08.541],0.00,1.00,-0.00,0.00,0.06,0.11,1.16,1.71,0.98,0.06,99.00
[16:23:08.567],0.00,1.00,-0.00,0.00,0.02,0.03,1.03,0.43,0.31,1.89,99.00
[16:23:08.588],0.00,1.00,-0.00,0.00,0.02,0.01,1.05,0.00,0.67,2.14,99.00
[16:23:08.614],0.00,1.00,-0.00,0.00,-0.00,-0.02,1.04,-0.18,0.49,2.50,99.00
[16:23:08.640],0.00,1.00,-0.00,0.00,-0.00,-0.03,1.04,0.06,0.55,2.01,99.00
[16:23:08.666],0.00,1.00,-0.00,0.00,0.00,-0.00,1.04,0.98,0.79,1.40,99.00
[16:23:08.692],0.00,1.00,-0.00,0.00,0.01,0.01,1.04,0.79,0.79,1.53,99.00
[16:23:08.718],0.00,1.00,-0.00,0.00,0.00,0.00,1.04,0.85,0.67,1.46,100.00
[16:23:08.744],0.00,1.00,-0.00,0.00,0.00,0.00,1.04,0.85,0.67,1.46,100.00
[16:23:08.769],0.00,1.00,-0.00,0.00,0.01,0.00,1.04,0.79,0.85,1.40,103.00
[16:23:08.790],0.00,1.00,-0.00,0.00,0.00,0.01,1.05,0.92,0.79,1.46,103.00
[16:23:08.816],0.00,1.00,-0.00,0.00,0.00,0.00,1.04,0.79,0.85,1.46,103.00
[16:23:08.842],0.00,1.00,-0.00,0.00,0.01,0.00,1.04,0.92,0.61,1.46,103.00
[16:23:08.868],0.00,1.00,-0.00,0.00,0.01,0.01,1.04,0.73,0.73,1.34,100.00
[16:23:08.893],0.00,1.00,-0.00,0.00,0.00,0.01,1.04,0.98,0.73,1.46,100.00
[16:23:08.919],0.00,1.00,-0.00,0.00,0.00,0.01,1.04,0.98,0.73,1.46,100.00
[16:23:08.940],0.00,1.00,-0.00,0.00,0.01,0.00,1.04,0.79,0.73,1.46,100.00
[16:23:08.966],0.00,1.00,-0.00,0.00,0.00,0.01,1.04,0.92,0.67,1.46,103.00
[16:23:08.992],0.00,1.00,-0.00,0.00,0.01,0.01,1.04,0.85,0.79,1.40,103.00
[16:23:09.018],0.00,1.00,-0.00,0.00,0.00,0.00,1.04,0.92,0.73,1.46,103.00
[16:23:09.044],0.00,1.00,-0.00,0.00,0.01,0.00,1.04,0.92,0.79,1.53,103.00
[16:23:09.070],0.00,1.00,-0.00,0.00,0.00,0.01,1.04,0.79,0.73,1.46,103.00
[16:23:09.095],0.00,1.00,-0.00,0.00,0.01,0.01,1.04,0.79,0.73,1.46,101.00
[16:23:09.121],0.00,1.00,-0.00,0.00,0.01,0.01,1.04,0.79,0.73,1.46,101.00
[16:23:09.142],0.00,1.00,-0.00,0.00,0.00,0.00,1.04,0.79,0.73,1.46,101.00
[16:23:09.168],0.00,1.00,-0.00,0.00,0.00,0.00,1.04,0.79,0.73,1.46,101.00
[16:23:09.193],0.00,1.00,-0.00,0.00,0.00,0.00,1.04,0.73,0.73,1.34,101.00
[16:23:09.219],0.00,1.00,-0.00,0.00,0.01,0.00,1.04,0.92,0.67,1.46,101.00
[16:23:09.245],0.00,1.00,-0.00,0.00,0.01,0.00,1.04,0.92,0.67,1.46,98.00
[16:23:09.271],0.00,0.92,-0.00,0.00,0.00,0.01,1.04,0.85,0.73,1.40,98.00
[16:23:09.297],0.00,0.76,-0.00,0.00,0.00,0.00,1.04,0.92,0.55,1.40,98.00
[16:23:09.323],0.00,0.76,-0.00,0.00,0.00,0.00,1.04,0.92,0.55,1.40,99.00
[16:23:09.348],0.00,0.76,-0.00,0.00,0.01,-0.00,1.04,1.16,1.40,1.16,99.00
[16:23:09.374],0.00,0.35,-0.00,0.00,-0.01,0.00,1.03,0.79,0.79,1.34,99.00
[16:23:09.395],0.00,0.00,-0.00,0.00,-0.01,0.00,1.05,0.98,1.04,1.16,99.00
[16:23:09.421],0.00,0.00,-0.00,0.00,0.00,0.00,1.02,0.79,0.73,1.40,99.00
[16:23:09.447],0.00,0.00,-0.00,0.00,0.01,0.00,1.04,0.85,0.55,1.34,102.00
[16:23:09.472],0.00,0.00,-0.00,0.00,0.01,0.01,1.04,0.73,0.49,1.40,102.00
[16:23:09.498],0.00,0.00,-0.00,0.00,0.01,0.01,1.04,0.73,0.49,1.40,102.00
[16:23:09.524],0.00,0.00,-0.00,0.00,0.02,0.00,1.05,0.92,0.61,1.46,102.00
[16:23:09.545],0.00,0.00,-0.00,0.00,0.01,0.00,1.04,0.85,0.67,1.40,99.00
[16:23:09.571],0.00,0.00,-0.00,0.00,0.00,0.01,1.05,0.85,0.67,1.46,99.00
[16:23:09.597],0.00,0.00,-0.00,0.00,0.01,0.01,1.04,0.79,0.67,1.46,100.00
[16:23:09.623],0.00,0.00,-0.00,0.00,0.00,0.00,1.04,0.85,0.67,1.40,100.00
[16:23:09.649],0.00,0.00,-0.00,0.00,0.00,0.00,1.04,0.85,0.73,1.53,100.00
[16:23:09.675],0.00,0.00,-0.00,0.00,0.01,0.00,1.04,0.92,0.61,1.34,100.00
[16:23:09.701],0.00,0.00,-0.00,0.00,0.01,0.00,1.04,0.92,0.61,1.34,100.00
[16:23:09.722],0.00,0.00,-0.00,0.00,0.00,0.00,1.04,0.79,0.67,1.53,100.00
[16:23:09.748],0.00,0.00,-0.00,0.00,0.00,0.00,1.04,0.85,0.73,1.46,100.00
[16:23:09.774],0.00,0.00,-0.00,0.00,0.01,0.00,1.04,0.85,0.73,1.46,100.00
[16:23:09.799],0.00,0.00,-0.00,0.00,0.01,0.01,1.04,0.79,0.73,1.53,100.00
[16:23:09.825],0.00,0.00,-0.00,0.00,0.00,0.00,1.04,0.85,0.67,1.46,100.00
[16:23:09.851],0.00,0.00,-0.00,0.00,0.01,0.00,1.04,0.79,0.73,1.53,100.00
[16:23:09.877],0.00,0.00,-0.00,0.00,0.01,0.00,1.04,0.79,0.79,1.46,100.00
[16:23:09.903],0.00,0.00,-0.00,0.00,0.01,0.00,1.04,0.79,0.79,1.46,101.00
[16:23:09.929],0.00,0.00,-0.00,0.00,0.01,0.00,1.04,0.85,0.79,1.46,101.00
[16:23:09.954],0.00,0.00,-0.00,0.00,0.01,0.00,1.04,0.85,0.79,1.34,101.00
[16:23:09.975],0.00,0.00,-0.00,0.00,0.01,0.00,1.04,0.92,0.67,1.34,101.00
[16:23:10.001],0.00,0.00,-0.00,0.00,0.01,0.00,1.04,0.73,0.79,1.46,99.00
[16:23:10.027],0.00,0.00,-0.00,0.00,0.01,0.00,1.04,0.79,0.73,1.40,99.00
[16:23:10.053],0.00,-0.26,-0.00,0.00,0.01,0.00,1.04,0.85,0.73,1.46,97.00
[16:23:10.079],0.00,-0.74,-0.00,0.00,0.01,0.00,1.04,0.85,0.73,1.46,97.00
[16:23:10.100],0.00,-0.99,-0.00,0.00,0.03,0.01,1.04,0.67,0.37,1.53,97.00
[16:23:10.126],0.00,-1.00,-0.00,0.00,0.00,0.00,1.05,0.73,0.37,1.46,97.00
[16:23:10.152],0.00,-1.00,-0.00,0.00,0.00,0.01,1.05,0.98,0.85,1.34,101.00
[16:23:10.178],0.00,-1.00,-0.00,0.00,0.01,0.00,1.05,0.98,0.55,1.46,101.00
[16:23:10.204],0.00,-1.00,-0.00,0.00,0.01,0.00,1.02,0.85,0.67,1.34,101.00
[16:23:10.225],0.00,-1.00,-0.00,0.00,0.02,0.01,1.07,1.16,0.55,0.98,101.00
[16:23:10.256],0.00,-1.00,-0.00,0.00,0.02,0.01,1.04,0.92,-0.49,1.59,102.00
[16:23:10.277],0.00,-1.00,-0.00,0.00,0.02,0.01,1.04,0.92,-0.49,1.59,102.00
[16:23:10.303],0.00,-1.00,-0.00,0.00,0.01,0.01,1.05,0.73,0.67,1.65,102.00
[16:23:10.328],0.00,-1.00,-0.00,0.00,0.00,0.01,1.03,0.85,0.61,1.53,102.00
[16:23:10.354],0.00,-1.00,-0.00,0.00,0.00,0.00,1.04,0.85,0.61,1.46,101.00
[16:23:10.380],0.00,-1.00,-0.00,0.00,0.01,0.01,1.04,0.85,0.73,1.53,101.00
[16:23:10.406],0.00,-1.00,-0.00,0.00,0.01,0.00,1.04,0.79,0.73,1.40,101.00
[16:23:10.427],0.00,-1.00,-0.00,0.00,0.00,0.00,1.04,0.85,0.67,1.40,101.00
[16:23:10.453],0.00,-1.00,-0.00,0.00,0.00,0.00,1.04,0.85,0.67,1.40,101.00
[16:23:10.479],0.00,-1.00,-0.00,0.00,0.00,0.00,1.04,0.85,0.79,1.46,101.00
[16:23:10.505],0.00,-1.00,-0.00,0.00,0.01,0.00,1.04,0.79,0.79,1.46,101.00
[16:23:10.531],0.00,-1.00,-0.00,0.00,0.01,0.00,1.04,0.79,0.79,1.46,101.00
[16:23:10.557],0.00,-1.00,-0.00,0.00,0.01,0.01,1.04,0.92,0.85,1.46,101.00
[16:23:10.578],0.00,-1.00,-0.00,0.00,0.01,0.00,1.04,0.79,0.73,1.46,101.00
[16:23:10.604],0.00,-1.00,-0.00,0.00,0.01,0.01,1.04,0.85,0.73,1.53,102.00
[16:23:10.630],0.00,-1.00,-0.00,0.00,0.01,0.00,1.04,0.85,0.67,1.46,102.00
[16:23:10.656],0.00,-1.00,-0.00,0.00,0.01,0.00,1.04,0.85,0.67,1.46,102.00
[16:23:10.682],0.00,-1.00,-0.00,0.00,0.01,0.00,1.04,0.92,0.79,1.46,102.00
[16:23:10.708],0.00,-1.00,-0.00,0.00,0.01,0.00,1.04,0.79,0.85,1.53,99.00
[16:23:10.734],0.00,-1.00,-0.00,0.00,0.01,0.01,1.04,0.85,0.67,1.46,99.00
[16:23:10.755],0.00,-1.00,-0.00,0.00,0.01,0.00,1.04,0.85,0.73,1.40,99.00
[16:23:10.781],0.00,-1.00,-0.00,0.00,0.00,0.00,1.04,0.85,0.67,1.46,99.00
[16:23:10.807],0.00,-1.00,-0.00,0.00,0.00,0.00,1.04,0.85,0.67,1.53,99.00
[16:23:10.833],0.00,-1.00,-0.00,0.00,0.00,0.00,1.04,0.85,0.67,1.53,102.00
[16:23:10.854],0.00,-1.00,-0.00,0.00,0.00,0.01,1.04,0.85,0.67,1.46,102.00
[16:23:10.880],0.00,-1.00,-0.00,0.00,0.01,0.00,1.04,0.85,0.73,1.53,102.00
[16:23:10.906],0.00,-1.00,-0.00,0.00,0.01,0.00,1.04,0.92,0.79,1.53,102.00
[16:23:10.932],0.00,-1.00,-0.00,0.00,0.01,0.01,1.04,0.79,0.73,1.53,102.00
[16:23:10.958],0.00,-1.00,-0.00,0.00,0.00,0.00,1.04,0.85,0.73,1.53,102.00
[16:23:10.979],0.00,-1.00,-0.00,0.00,0.00,0.00,1.04,0.85,0.73,1.46,104.00
[16:23:11.010],-0.00,-1.00,-0.00,0.00,0.00,0.00,1.04,0.98,0.79,1.40,104.00
[16:23:11.036],-0.03,-1.00,-0.00,0.00,0.00,0.00,1.04,0.98,0.79,1.40,104.00
[16:23:11.057],-0.03,-1.00,-0.00,0.00,0.00,0.00,1.04,0.92,0.73,1.34,104.00
[16:23:11.082],-0.03,-1.00,-0.00,0.00,0.00,0.01,1.04,0.85,0.67,1.46,102.00
[16:23:11.108],-0.03,-1.00,-0.00,0.00,0.01,0.01,1.04,0.85,0.79,1.40,102.00
[16:23:11.134],-0.03,-1.00,-0.00,0.00,0.01,0.01,1.04,0.73,0.79,1.40,102.00
[16:23:11.160],-0.03,-1.00,-0.00,0.00,0.01,0.00,1.04,0.79,0.67,1.40,102.00
[16:23:11.181],-0.03,-1.00,-0.00,0.00,0.01,0.00,1.04,0.92,0.67,1.46,100.00
[16:23:11.212],-0.03,-1.00,-0.00,0.00,0.00,0.01,1.04,0.79,0.85,1.46,100.00
[16:23:11.238],-0.03,-1.00,-0.00,0.00,0.00,0.01,1.04,0.79,0.85,1.46,105.00
[16:23:11.259],-0.03,-1.00,-0.00,0.00,0.00,0.01,1.04,0.92,0.85,1.46,105.00
[16:23:11.285],-0.03,-1.00,-0.00,0.00,0.00,0.00,1.04,0.85,0.79,1.40,105.00
[16:23:11.311],-0.03,-1.00,-0.00,0.00,0.01,0.00,1.04,0.85,0.73,1.40,105.00
[16:23:11.337],-1.00,-1.00,-0.00,0.00,0.00,0.01,1.04,0.79,0.79,1.40,106.00
[16:23:11.363],-1.00,-1.00,-0.00,0.00,0.01,0.00,1.04,0.85,0.73,1.53,106.00
[16:23:11.384],-1.00,-1.00,-0.00,0.00,0.01,0.00,1.04,0.92,0.73,1.46,106.00
[16:23:11.415],-1.00,-1.00,-0.00,0.00,0.01,0.00,1.04,0.79,0.73,1.40,106.00
[16:23:11.441],-1.00,-1.00,-0.00,0.00,0.01,0.00,1.04,0.79,0.73,1.40,102.00
[16:23:11.462],-1.00,-1.00,-0.00,0.00,0.01,0.00,1.04,0.85,0.67,1.53,102.00
[16:23:11.488],-1.00,-1.00,-0.00,0.00,0.00,0.00,1.04,0.85,0.79,1.46,102.00
[16:23:11.514],-1.00,-1.00,-0.00,0.00,0.00,0.00,1.04,0.92,0.67,1.46,102.00
[16:23:11.540],-1.00,-1.00,-0.00,0.00,0.01,0.00,1.04,0.92,0.79,1.53,102.00
[16:23:11.566],-1.00,-1.00,-0.00,0.00,0.01,0.00,1.04,0.85,0.73,1.40,102.00
[16:23:11.587],-0.96,-1.00,-0.00,0.00,0.00,0.00,1.04,0.92,0.73,1.46,102.00
[16:23:11.613],-0.17,-1.00,-0.00,0.00,0.00,0.00,1.04,0.92,0.73,1.46,102.00
[16:23:11.641],0.00,-1.00,-0.00,0.00,0.01,0.00,1.04,0.85,0.73,1.40,100.00
[16:23:11.662],0.00,-1.00,-0.00,0.00,0.00,0.00,1.04,0.79,0.79,1.53,100.00
[16:23:11.688],0.00,-1.00,-0.00,0.00,0.00,0.00,1.04,0.85,0.73,1.46,104.00
[16:23:11.714],0.00,-1.00,-0.00,0.00,0.00,0.00,1.04,0.79,0.67,1.46,104.00
[16:23:11.740],0.00,-1.00,-0.00,0.00,0.01,0.00,1.04,0.85,0.67,1.40,104.00
[16:23:11.766],0.00,-1.00,-0.00,0.00,0.01,0.01,1.04,0.79,0.79,1.40,104.00
[16:23:11.792],0.00,-1.00,-0.00,0.00,0.00,0.01,1.04,0.85,0.79,1.46,98.00
[16:23:11.818],-0.16,-1.00,-0.00,0.00,0.00,0.01,1.04,0.85,0.79,1.46,98.00
[16:23:11.844],-1.00,-1.00,-0.00,0.00,0.00,0.00,1.04,0.73,0.79,1.46,98.00
[16:23:11.864],-1.00,-1.00,-0.00,0.00,0.01,0.00,1.04,0.92,0.67,1.46,98.00
[16:23:11.890],-1.00,-1.00,-0.00,0.00,-0.16,0.22,1.07,0.73,2.56,0.98,103.00
[16:23:11.916],-1.00,-1.00,-0.00,0.00,-0.02,0.10,1.00,0.92,-0.85,-3.23,103.00
[16:23:11.942],-1.00,-1.00,-0.00,0.00,-0.02,0.04,1.00,0.61,3.17,-4.46,103.00
[16:23:11.968],-1.00,-1.00,-0.00,0.00,0.03,0.07,1.10,1.22,0.61,-6.71,103.00
[16:23:11.989],-1.00,-1.00,-0.00,0.00,0.03,0.07,1.10,1.22,0.61,-6.71,103.00
[16:23:12.015],-1.00,-1.00,-0.00,0.00,-0.03,0.04,1.04,0.85,1.77,-7.87,103.00
[16:23:12.041],-1.00,-1.00,-0.00,0.00,-0.00,0.06,1.07,0.92,0.37,-8.79,103.00
[16:23:12.067],-1.00,-1.00,-0.00,0.00,-0.01,0.06,1.03,0.67,1.46,-9.70,103.00
[16:23:12.094],-1.00,-1.00,-0.00,0.00,0.00,0.04,1.06,0.73,0.67,-11.54,111.00
[16:23:12.114],-1.00,-1.00,-0.00,0.00,-0.01,0.05,1.03,0.98,0.79,-12.39,111.00
[16:23:12.141],-1.00,-1.00,-0.00,0.00,-0.02,0.07,1.06,0.61,0.24,-13.79,111.00
[16:23:12.166],-1.00,-1.00,-0.00,0.00,-0.00,0.06,1.01,0.43,0.12,-14.89,132.00
[16:23:12.192],-1.00,-1.00,-0.00,0.00,-0.00,0.06,1.01,0.43,0.12,-14.89,132.00
[16:23:12.218],-1.00,-1.00,-0.00,0.00,0.01,0.06,1.05,0.24,0.61,-16.24,132.00
[16:23:12.244],-1.00,-1.00,-0.00,0.00,-0.02,0.04,1.05,0.37,0.73,-17.09,143.00
[16:23:12.270],-1.00,-1.00,-0.00,0.00,-0.00,0.06,1.07,0.55,2.50,-18.43,143.00
[16:23:12.295],-1.00,-1.00,-0.00,0.00,-0.03,0.05,1.03,0.37,1.10,-19.78,143.00
[16:23:12.316],-1.00,-1.00,-0.00,0.00,0.01,0.05,1.03,0.06,0.06,-20.57,143.00
[16:23:12.342],-1.00,-1.00,-0.00,0.00,0.02,0.02,1.08,-0.85,2.87,-20.69,143.00
[16:23:12.373],-1.00,-1.00,-0.00,0.00,-0.01,0.02,1.02,-1.83,2.75,-21.79,164.00
[16:23:12.394],-1.00,-1.00,-0.00,0.00,-0.01,0.02,1.02,-1.83,2.75,-21.79,164.00
[16:23:12.420],-1.00,-1.00,-0.00,0.00,0.00,0.04,1.03,-0.98,0.18,-22.40,164.00
[16:23:12.446],-1.00,-1.00,-0.00,0.00,0.01,0.05,1.03,-0.06,-0.06,-23.13,164.00
[16:23:12.472],-1.00,-1.00,-0.00,0.00,-0.01,0.01,1.03,1.34,-0.12,-24.29,190.00
[16:23:12.498],-1.00,-1.00,-0.00,0.00,0.01,0.03,1.06,1.89,2.14,-23.74,190.00
[16:23:12.523],-1.00,-1.00,-0.00,0.00,-0.01,0.04,1.03,1.22,2.93,-24.48,190.00
[16:23:12.544],-1.00,-1.00,-0.00,0.00,0.00,0.02,1.05,-0.73,1.16,-23.93,190.00
[16:23:12.570],-1.00,-1.00,-0.00,0.00,0.00,0.02,1.05,-0.73,1.16,-23.93,216.00
[16:23:12.596],-1.00,-1.00,-0.00,0.00,0.03,0.02,1.03,-0.92,-0.85,-24.35,216.00
[16:23:12.622],-1.00,-1.00,-0.00,0.00,0.00,0.04,1.07,0.18,0.37,-25.15,253.00
[16:23:12.648],-1.00,-1.00,-0.00,0.00,0.02,0.01,1.01,0.67,0.49,-27.16,253.00
[16:23:12.674],-1.00,-1.00,-0.00,0.00,0.04,0.05,1.09,4.03,4.94,-26.98,253.00
[16:23:12.695],-1.00,-1.00,-0.00,0.00,-0.02,0.03,1.04,-1.28,3.66,-26.43,253.00
[16:23:12.720],-1.00,-1.00,-0.00,0.00,0.03,0.05,1.05,0.31,2.56,-28.44,284.00
[16:23:12.746],-1.00,-1.00,-0.00,0.00,0.02,0.03,0.98,-1.59,1.46,-28.02,284.00
[16:23:12.772],-1.00,-1.00,-0.00,0.00,0.02,0.03,0.98,-1.59,1.46,-28.02,284.00
[16:23:12.798],-1.00,-1.00,-0.00,0.00,0.05,-0.01,1.06,0.98,1.89,-28.81,284.00
[16:23:12.824],-1.00,-1.00,-0.00,0.00,0.02,0.00,1.04,2.08,2.01,-25.82,320.00
[16:23:12.850],-1.00,-1.00,-0.00,0.00,0.03,0.02,1.00,1.22,1.77,-27.22,320.00
[16:23:12.875],-1.00,-1.00,-0.00,0.00,0.03,0.03,1.06,1.65,1.83,-27.28,320.00
[16:23:12.896],-1.00,-1.00,-0.00,0.00,-0.00,0.04,1.02,0.55,0.00,-28.81,320.00
[16:23:12.922],-1.00,-1.00,-0.00,0.00,0.03,0.04,1.03,2.01,-0.85,-30.03,357.00
[16:23:12.953],-1.00,-1.00,-0.00,0.00,0.02,0.05,1.09,-0.37,2.32,-28.93,357.00
[16:23:12.979],-1.00,-1.00,-0.00,0.00,0.02,0.05,1.09,-0.37,2.32,-28.93,402.00
[16:23:13.000],-1.00,-1.00,-0.00,0.00,0.01,0.03,0.96,0.49,4.27,-30.27,402.00
[16:23:13.026],-1.00,-1.00,-0.00,0.00,0.00,0.03,1.04,0.49,2.01,-31.19,402.00
[16:23:13.051],-1.00,-1.00,-0.00,0.00,0.10,0.00,1.05,0.00,-0.92,-30.52,402.00
[16:23:13.078],-1.00,-1.00,-0.00,0.00,0.03,-0.01,1.09,1.10,0.92,-30.40,449.00
[16:23:13.104],-1.00,-1.00,-0.00,0.00,0.04,-0.00,1.02,0.06,-0.18,-30.88,449.00
[16:23:13.124],-1.00,-1.00,-0.00,0.00,0.03,-0.02,1.00,0.06,0.31,-29.05,449.00
[16:23:13.150],-1.00,-1.00,-0.00,0.00,0.03,-0.02,1.00,0.06,0.31,-29.05,449.00
[16:23:13.176],-1.00,-1.00,-0.00,0.00,0.05,0.02,1.05,0.98,2.50,-30.15,499.00
[16:23:13.202],-1.00,-1.00,-0.00,0.00,0.02,0.03,1.04,2.08,0.92,-30.70,499.00
[16:23:13.228],-1.00,-1.00,-0.00,0.00,0.03,0.02,1.10,-0.73,1.46,-31.80,499.00
[16:23:13.249],-1.00,-1.00,-0.00,0.00,0.01,0.02,1.02,-0.61,1.95,-31.01,499.00
[16:23:13.275],-1.00,-1.00,-0.00,0.00,0.02,0.03,1.06,-0.37,0.31,-31.98,552.00
[16:23:13.301],-1.00,-1.00,-0.00,0.00,0.05,-0.00,1.23,-2.50,8.85,-28.50,552.00
[16:23:13.326],-1.00,-1.00,-0.00,0.00,-0.00,0.01,1.03,2.56,5.43,-31.25,552.00
[16:23:13.352],-1.00,-1.00,-0.00,0.00,-0.00,0.01,1.03,2.56,5.43,-31.25,552.00
[16:23:13.378],-1.00,-1.00,-0.00,0.00,-0.01,-0.01,0.99,0.06,1.34,-32.41,619.00
[16:23:13.404],-1.00,-1.00,-0.00,0.00,0.05,0.01,1.07,1.95,0.24,-31.98,619.00
[16:23:13.430],-1.00,-1.00,-0.00,0.00,0.01,0.03,1.02,0.61,-0.98,-31.68,682.00
[16:23:13.451],-1.00,-1.00,-0.00,0.00,0.08,0.03,1.07,1.04,2.38,-32.41,682.00
[16:23:13.477],-1.00,-1.00,-0.00,0.00,0.03,0.04,0.99,-1.16,9.03,-30.64,682.00
[16:23:13.503],-1.00,-1.00,-0.00,0.00,0.02,-0.03,1.13,1.16,2.93,-31.92,682.00
[16:23:13.529],-1.00,-1.00,-0.00,0.00,0.02,-0.03,1.13,1.16,2.93,-31.92,750.00
[16:23:13.555],-1.00,-1.00,-0.00,0.00,0.01,-0.00,0.97,0.49,-4.27,-30.46,750.00
[16:23:13.576],-1.00,-1.00,-0.00,0.00,0.04,0.01,1.01,-0.37,-2.20,-31.13,750.00
[16:23:13.602],-1.00,-1.00,-0.00,0.00,0.02,0.02,1.06,1.59,3.72,-33.20,750.00
[16:23:13.628],-1.00,-1.00,-0.00,0.00,-0.02,0.06,1.04,2.14,3.72,-32.84,750.00
[16:23:13.654],-1.00,-1.00,-0.00,0.00,0.01,0.04,1.07,1.04,0.61,-35.03,830.00
[16:23:13.680],-1.00,-1.00,-0.00,0.00,-0.03,0.04,1.02,1.28,-0.79,-33.81,830.00
[16:23:13.706],-1.00,-1.00,-0.00,0.00,0.05,0.05,1.08,-0.85,-1.04,-33.20,830.00
[16:23:13.732],-1.00,-1.00,-0.00,0.00,0.05,0.05,1.08,-0.85,-1.04,-33.20,830.00
[16:23:13.758],-1.00,-1.00,-0.00,0.00,0.06,0.02,1.00,0.85,3.11,-31.98,916.00
[16:23:13.778],-1.00,-1.00,-0.00,0.00,0.06,-0.00,1.06,0.00,3.78,-31.07,916.00
[16:23:13.804],-1.00,-1.00,-0.00,0.00,-0.00,0.03,1.05,-0.55,2.14,-31.37,1012.00
[16:23:13.830],-1.00,-1.00,-0.00,0.00,0.01,0.02,1.04,-0.18,0.06,-33.08,1012.00
[16:23:13.856],-1.00,-1.00,-0.00,0.00,0.01,-0.00,1.03,0.61,-0.73,-34.36,1012.00
[16:23:13.882],-1.00,-1.00,-0.00,0.00,0.03,0.05,1.02,-0.18,1.95,-34.85,1012.00
[16:23:13.908],-1.00,-1.00,-0.00,0.00,0.03,0.01,1.10,1.40,-0.49,-36.32,1134.00
[16:23:13.935],-1.00,-1.00,-0.00,0.00,0.03,0.01,1.10,1.40,-0.49,-36.32,1134.00
[16:23:13.956],-1.00,-1.00,-0.00,0.00,0.08,0.03,1.12,-0.49,3.05,-35.28,1134.00
[16:23:13.982],-1.00,-1.00,-0.00,0.00,0.02,0.01,0.99,-0.61,2.75,-35.58,1134.00
[16:23:14.008],-1.00,-1.00,-0.00,0.00,0.08,-0.02,1.06,-0.92,0.18,-35.52,1284.00
[16:23:14.034],-1.00,-1.00,-0.00,0.00,0.03,0.03,1.06,2.69,1.04,-32.41,1284.00
[16:23:14.060],-1.00,-1.00,-0.00,0.00,0.03,0.01,1.06,1.40,2.08,-34.06,1284.00
[16:23:14.081],-1.00,-1.00,-0.00,0.00,0.03,0.02,1.06,1.40,0.24,-35.28,1284.00
[16:23:14.112],-1.00,-1.00,-0.00,0.00,-0.02,0.01,0.98,1.40,0.67,-34.12,1478.00
[16:23:14.138],-1.00,-1.00,-0.00,0.00,-0.02,0.01,0.98,1.40,0.67,-34.12,1478.00
[16:23:14.164],-1.00,-1.00,-0.00,0.00,0.07,0.05,1.01,0.43,0.67,-37.41,1478.00
[16:23:14.185],-1.00,-1.00,-0.00,0.00,0.02,0.04,1.03,0.12,3.17,-36.68,1478.00
[16:23:14.211],-1.00,-1.00,-0.00,0.00,0.06,0.03,1.09,0.37,4.03,-37.23,1661.00
[16:23:14.236],-1.00,-1.00,-0.00,0.00,0.05,-0.01,1.02,-1.59,1.65,-36.32,1661.00
[16:23:14.262],-1.00,-1.00,-0.00,0.00,0.06,0.00,1.07,-1.83,-0.49,-35.10,1844.00
[16:23:14.289],-1.00,-1.00,-0.00,0.00,0.08,-0.02,1.06,2.20,1.40,-35.16,1844.00
[16:23:14.315],-1.00,-1.00,-0.00,0.00,-0.01,0.02,1.02,2.56,2.75,-33.69,1844.00
[16:23:14.340],-1.00,-1.00,-0.00,0.00,-0.01,0.02,1.02,2.56,2.75,-33.69,1844.00
[16:23:14.366],-1.00,-1.00,-0.00,0.00,-0.03,0.06,1.10,-1.28,0.92,-35.89,2053.00
[16:23:14.387],-1.00,-1.00,-0.00,0.00,0.02,0.04,1.05,0.31,-3.17,-36.80,2053.00
[16:23:14.413],-1.00,-1.00,-0.00,0.00,0.08,0.06,1.13,-3.60,1.16,-37.54,2422.00
[16:23:14.439],-1.00,-1.00,-0.00,0.00,0.01,0.01,1.00,0.24,7.81,-38.09,2422.00
[16:23:14.465],-1.00,-1.00,-0.00,0.00,0.02,0.03,1.02,-0.18,-0.12,-38.51,2371.00
[16:23:14.491],-1.00,-1.00,-0.00,0.00,0.02,0.00,1.05,0.73,-2.69,-37.48,2371.00
[16:23:14.516],-1.00,-1.00,-0.00,0.00,0.04,0.02,1.03,0.98,1.34,-37.90,2803.00
[16:23:14.542],-1.00,-1.00,-0.00,0.00,0.04,0.02,1.03,0.98,1.34,-37.90,2803.00
[16:23:14.568],-1.00,-1.00,-0.00,0.00,0.04,0.03,0.99,0.24,2.87,-36.99,2913.00
[16:23:14.594],-1.00,-1.00,-0.00,0.00,0.01,0.03,1.06,0.98,5.00,-36.87,2913.00
[16:23:14.620],-1.00,-1.00,-0.00,0.00,0.01,0.03,1.06,0.37,-3.72,-39.00,3074.00
[16:23:14.641],-1.00,-1.00,-0.00,0.00,0.02,0.06,1.06,0.92,3.05,-37.60,3074.00
[16:23:14.666],-1.00,-1.00,-0.00,0.00,0.05,0.04,0.99,-1.59,2.26,-38.15,2976.00
[16:23:14.692],-1.00,-1.00,-0.00,0.00,0.03,0.04,0.98,-0.92,2.38,-38.21,2976.00
[16:23:14.718],-1.00,-1.00,-0.00,0.00,0.03,0.04,0.98,-0.92,2.38,-38.21,3009.00
[16:23:14.744],-1.00,-1.00,-0.00,0.00,0.03,-0.02,1.04,-0.24,1.89,-38.02,3009.00
[16:23:14.765],-1.00,-1.00,-0.00,0.00,0.03,-0.02,1.04,0.06,-0.73,-38.70,2993.00
[16:23:14.791],-1.00,-1.00,-0.00,0.00,0.02,0.00,1.04,-1.22,-3.05,-37.48,2993.00
[16:23:14.817],-1.00,-1.00,-0.00,0.00,0.04,0.03,0.97,1.10,-0.43,-36.93,3060.00
[16:23:14.843],-1.00,-1.00,-0.00,0.00,0.07,0.02,1.15,-1.22,7.69,-36.93,3060.00
[16:23:14.869],-1.00,-1.00,-0.00,0.00,0.00,0.04,0.98,-2.75,1.71,-38.21,3045.00
[16:23:14.895],-1.00,-1.00,-0.00,0.00,0.04,-0.01,0.95,-0.55,-0.92,-38.70,3045.00
[16:23:14.921],-1.00,-1.00,-0.00,0.00,0.04,-0.01,0.95,-0.55,-0.92,-38.70,3143.00
[16:23:14.947],-1.00,-1.00,-0.00,0.00,0.07,-0.02,1.09,-0.31,-0.06,-38.15,3143.00
[16:23:14.968],-1.00,-1.00,-0.00,0.00,0.03,0.02,1.06,2.99,3.11,-39.98,3223.00
[16:23:14.994],-1.00,-1.00,-0.00,0.00,-0.03,0.02,1.15,1.04,2.81,-39.43,3223.00
[16:23:15.020],-1.00,-1.00,-0.00,0.00,0.06,-0.00,1.01,0.18,1.22,-40.04,3064.00
[16:23:15.045],-1.00,-1.00,-0.00,0.00,0.05,0.01,1.02,-1.34,0.61,-39.12,3064.00
[16:23:15.071],-1.00,-1.00,-0.00,0.00,0.07,0.03,1.10,0.55,8.18,-37.84,3170.00
[16:23:15.092],-1.00,-1.00,-0.00,0.00,0.07,0.03,1.10,0.55,8.18,-37.84,3170.00
[16:23:15.118],-1.00,-1.00,-0.00,0.00,0.02,-0.00,1.09,-0.55,2.01,-37.84,3166.00
[16:23:15.144],-1.00,-1.00,-0.00,0.00,0.05,-0.01,1.00,0.12,0.06,-37.35,3166.00
[16:23:15.170],-1.00,-1.00,-0.00,0.00,0.02,-0.00,0.99,1.40,4.94,-38.70,3258.00
[16:23:15.196],-1.00,-1.00,-0.00,0.00,0.03,0.05,1.00,1.28,2.87,-39.12,3258.00
[16:23:15.217],-1.00,-1.00,-0.00,0.00,0.02,0.03,1.08,0.24,1.22,-40.10,2328.00
[16:23:15.243],-1.00,-1.00,-0.00,0.00,0.04,-0.00,1.11,0.67,-0.98,-40.41,2328.00
[16:23:15.274],-1.00,-1.00,-0.00,0.00,0.08,0.03,1.01,-2.87,3.78,-38.57,3056.00
[16:23:15.294],-1.00,-1.00,-0.00,0.00,0.08,0.03,1.01,-2.87,3.78,-38.57,3056.00
[16:23:15.320],-1.00,-1.00,-0.00,0.00,0.06,0.01,1.00,1.22,3.42,-35.52,2954.00
[16:23:15.346],-1.00,-1.00,-0.00,0.00,0.00,0.01,1.08,1.95,1.77,-36.13,2954.00
[16:23:15.372],-1.00,-1.00,-0.00,0.00,0.04,0.04,1.09,-1.22,0.79,-37.11,2990.00
[16:23:15.398],-1.00,-1.00,-0.00,0.00,0.00,0.01,1.05,2.08,1.77,-38.57,2990.00
[16:23:15.419],-1.00,-1.00,-0.00,0.00,0.04,0.02,0.96,0.12,1.71,-39.86,3029.00
[16:23:15.445],-1.00,-1.00,-0.00,0.00,0.01,0.03,1.11,1.04,1.40,-39.92,3029.00
[16:23:15.476],-1.00,-1.00,-0.00,0.00,0.06,-0.00,1.02,0.67,1.34,-40.53,3031.00
[16:23:15.502],-1.00,-1.00,-0.00,0.00,0.06,-0.00,1.02,0.67,1.34,-40.53,3031.00
[16:23:15.527],-1.00,-1.00,-0.00,0.00,0.04,0.05,1.04,0.12,2.08,-40.65,3031.00
[16:23:15.548],-1.00,-1.00,-0.00,0.00,0.11,-0.04,0.95,-2.08,0.67,-40.65,3062.00
[16:23:15.574],-1.00,-1.00,-0.00,0.00,0.05,-0.03,1.02,-0.06,5.31,-35.89,3062.00
[16:23:15.600],-1.00,-1.00,-0.00,0.00,0.03,0.00,1.13,3.05,2.81,-39.92,2975.00
[16:23:15.626],-1.00,-1.00,-0.00,0.00,0.03,-0.02,1.06,2.56,-2.38,-37.72,2975.00
[16:23:15.652],-1.00,-1.00,-0.00,0.00,0.01,0.05,0.97,1.22,-0.37,-41.26,3016.00
[16:23:15.678],-1.00,-1.00,-0.00,0.00,0.12,0.02,1.17,-1.04,7.45,-40.41,3016.00
[16:23:15.703],-1.00,-1.00,-0.00,0.00,0.12,0.02,1.17,-1.04,7.45,-40.41,3038.00
[16:23:15.729],-1.00,-1.00,-0.00,0.00,-0.01,0.02,0.97,0.31,2.56,-41.38,3038.00
[16:23:15.750],-1.00,-1.00,-0.00,0.00,0.07,0.02,1.01,-0.92,-4.70,-40.95,3078.00
[16:23:15.776],-1.00,-1.00,-0.00,0.00,0.10,-0.02,1.09,-1.16,-1.89,-36.68,3078.00
[16:23:15.802],-1.00,-1.00,-0.00,0.00,0.02,0.03,1.01,4.52,3.60,-38.09,3036.00
[16:23:15.828],-1.00,-1.00,-0.00,0.00,0.00,-0.00,1.00,-0.24,0.55,-39.73,3036.00
[16:23:15.854],-1.00,-1.00,-0.00,0.00,-0.01,0.07,1.02,0.85,-3.11,-40.47,3037.00
[16:23:15.880],-1.00,-1.00,-0.00,0.00,-0.01,0.07,1.02,0.85,-3.11,-40.47,3037.00
[16:23:15.901],-1.00,-1.00,-0.00,0.00,0.13,-0.00,1.10,-1.28,-0.98,-43.09,3225.00
[16:23:15.927],-1.00,-1.00,-0.00,0.00,0.07,0.04,1.04,-1.10,8.85,-40.65,3225.00
[16:23:15.953],-1.00,-1.00,-0.00,0.00,-0.01,0.01,1.06,-1.53,1.65,-43.27,3124.00
[16:23:15.979],-1.00,-1.00,-0.00,0.00,0.06,0.03,1.05,2.20,1.16,-40.10,3124.00
[16:23:16.004],-1.00,-1.00,-0.00,0.00,0.01,-0.00,1.00,0.55,-1.28,-41.20,3169.00
[16:23:16.025],-1.00,-1.00,-0.00,0.00,0.05,0.01,1.14,0.06,3.97,-39.67,3169.00
[16:23:16.057],-1.00,-1.00,-0.00,0.00,0.03,0.06,1.04,1.65,1.22,-40.71,3345.00
[16:23:16.078],-1.00,-1.00,-0.00,0.00,0.03,0.06,1.04,1.65,1.22,-40.71,3345.00
[16:23:16.104],-1.00,-1.00,-0.00,0.00,0.06,0.03,1.11,-2.26,5.25,-40.53,2946.00
[16:23:16.129],-1.00,-1.00,-0.00,0.00,0.02,0.01,0.96,-0.49,2.69,-41.26,2946.00
[16:23:16.155],-1.00,-1.00,-0.00,0.00,0.04,0.00,1.01,0.12,1.28,-41.02,1639.00
[16:23:16.182],-1.00,-1.00,-0.00,0.00,0.05,-0.01,1.07,-0.37,2.38,-40.77,1639.00
[16:23:16.203],-1.00,-1.00,-0.00,0.00,0.03,0.02,1.05,2.32,1.28,-41.69,1639.00
[16:23:16.229],-1.00,-1.00,-0.00,0.00,0.03,0.00,1.03,-0.92,-1.59,-41.63,1639.00
[16:23:16.259],-1.00,-1.00,-0.00,0.00,0.06,0.09,0.95,3.60,2.99,-41.26,1562.00
[16:23:16.280],-1.00,-1.00,-0.00,0.00,0.06,0.09,0.95,3.60,2.99,-41.26,1562.00
[16:23:16.307],-1.00,-1.00,-0.00,0.00,0.04,0.01,1.12,-2.93,5.43,-41.08,1618.00
[16:23:16.332],-1.00,-1.00,-0.00,0.00,0.06,-0.00,0.99,-2.56,0.24,-41.26,1618.00
[16:23:16.358],-1.00,-1.00,-0.00,0.00,0.04,0.00,0.97,-1.53,-1.95,-41.44,1618.00
[16:23:16.384],-1.00,-1.00,-0.00,0.00,0.05,0.03,0.96,0.31,6.10,-42.30,1618.00
[16:23:16.405],-1.00,-1.00,-0.00,0.00,0.04,0.01,1.06,0.79,2.01,-43.15,1655.00
[16:23:16.431],-1.00,-1.00,-0.00,0.00,0.06,-0.00,1.04,0.61,-1.04,-43.33,1655.00
[16:23:16.457],-1.00,-1.00,-0.00,0.00,0.06,-0.00,1.04,0.61,-1.04,-43.33,1655.00
[16:23:16.482],-1.00,-1.00,-0.00,0.00,0.08,0.05,1.16,-1.22,4.39,-41.75,1655.00
[16:23:16.508],-1.00,-1.00,-0.00,0.00,0.07,0.04,0.92,-1.28,5.98,-40.34,1603.00
[16:23:16.534],-1.00,-1.00,-0.00,0.00,-0.01,0.04,1.05,1.65,2.14,-39.92,1603.00
[16:23:16.555],-1.00,-1.00,-0.00,0.00,0.06,-0.01,1.11,1.04,-1.10,-40.04,1603.00
[16:23:16.581],-1.00,-1.00,-0.00,0.00,0.06,-0.01,0.99,0.79,3.54,-41.93,1603.00
[16:23:16.607],-1.00,-1.00,-0.00,0.00,0.01,0.02,1.06,3.23,-0.31,-43.58,1459.00
[16:23:16.633],-1.00,-1.00,-0.00,0.00,0.08,0.06,0.94,0.85,-0.55,-44.62,1459.00
[16:23:16.659],-1.00,-1.00,-0.00,0.00,0.08,0.06,0.94,0.85,-0.55,-44.62,1459.00
[16:23:16.685],-1.00,-1.00,-0.00,0.00,0.03,0.02,1.14,-3.17,-2.32,-43.88,1459.00
[16:23:16.711],-1.00,-1.00,-0.00,0.00,0.11,-0.06,1.07,4.39,8.54,-40.83,1473.00
[16:23:16.732],-1.00,-1.00,-0.00,0.00,0.07,0.02,0.97,0.37,1.77,-39.12,1473.00
[16:23:16.758],-1.00,-1.00,-0.00,0.00,0.03,-0.01,1.10,-1.89,5.19,-40.22,1472.00
[16:23:16.784],-1.00,-1.00,-0.00,0.00,0.04,0.03,1.03,1.83,-0.18,-43.03,1472.00
[16:23:16.810],-1.00,-1.00,-0.00,0.00,0.04,0.05,0.98,-1.40,1.10,-42.66,1472.00
[16:23:16.836],-1.00,-1.00,-0.00,0.00,0.04,0.05,0.98,-1.40,1.10,-42.66,1472.00
[16:23:16.857],-1.00,-1.00,-0.00,0.00,0.09,0.04,1.19,1.22,3.30,-44.31,1472.00
[16:23:16.883],-1.00,-1.00,-0.00,0.00,0.05,0.02,0.98,-1.65,3.78,-43.70,1510.00
[16:23:16.909],-1.00,-1.00,-0.00,0.00,0.01,0.04,0.94,0.98,1.22,-44.19,1510.00
[16:23:16.935],-1.00,-0.98,-0.00,0.00,0.09,0.02,1.05,-1.34,-1.40,-42.18,1510.00
[16:23:16.957],-1.00,-0.75,-0.00,0.00,0.05,0.02,0.98,1.95,3.91,-40.22,1510.00
[16:23:16.983],-1.00,0.00,-0.00,0.00,0.02,-0.02,1.12,0.92,-0.31,-41.99,1549.00
[16:23:17.014],-1.00,0.00,-0.00,0.00,0.03,0.01,1.01,1.28,2.87,-42.79,1549.00
[16:23:17.035],-1.00,0.00,-0.00,0.00,0.03,0.01,1.01,1.28,2.87,-42.79,1549.00
[16:23:17.060],-1.00,0.00,-0.00,0.00,0.19,0.07,1.10,0.55,1.28,-40.53,1549.00
[16:23:17.086],-1.00,0.00,-0.00,0.00,0.21,0.05,1.06,0.55,2.93,-29.85,1586.00
[16:23:17.112],-1.00,0.00,-0.00,0.00,0.16,0.02,0.94,0.31,-0.73,-21.85,1586.00
[16:23:17.138],-1.00,0.00,-0.00,0.00,0.18,0.02,1.04,-0.98,-3.85,-12.76,1586.00
[16:23:17.159],-1.00,0.00,-0.00,0.00,0.17,-0.01,1.01,3.23,-2.01,-3.54,1586.00
[16:23:17.185],-1.00,0.00,-0.00,0.00,0.15,0.03,1.13,-0.31,9.95,4.52,1639.00
[16:23:17.216],-1.00,0.00,-0.00,0.00,-0.12,0.01,1.24,0.67,2.99,0.67,1639.00
[16:23:17.241],-1.00,0.00,-0.00,0.00,-0.12,0.01,1.24,0.67,2.99,0.67,1690.00
[16:23:17.262],-1.00,0.00,-0.00,0.00,-0.01,0.02,0.87,-6.77,0.06,0.92,1690.00
[16:23:17.288],-1.00,0.00,-0.00,0.00,0.02,0.03,0.98,1.16,0.79,0.12,1690.00
[16:23:17.314],-1.00,0.00,-0.00,0.00,0.00,-0.00,1.17,2.26,-2.99,0.24,1690.00
[16:23:17.340],-1.00,0.00,-0.00,0.00,0.03,0.03,0.95,-0.61,-2.62,0.79,1740.00
[16:23:17.366],-1.00,0.00,-0.00,0.00,0.03,0.03,1.10,0.12,3.36,1.34,1740.00
[16:23:17.392],-1.00,0.00,-0.00,0.00,-0.04,0.07,0.96,4.27,1.46,2.56,1740.00
[16:23:17.417],-1.00,0.00,-0.00,0.00,0.02,0.05,1.05,-2.01,0.92,0.31,1740.00
[16:23:17.443],-0.15,0.00,-0.00,0.00,0.02,0.05,1.05,-2.01,0.92,0.31,1796.00
[16:23:17.469],0.00,0.00,-0.00,0.00,0.04,0.04,0.98,0.37,3.36,0.55,1796.00
[16:23:17.490],0.00,0.00,-0.00,0.00,-0.04,0.01,1.01,0.98,2.08,0.49,1796.00
[16:23:17.516],0.00,0.00,-0.00,0.00,0.01,-0.04,1.08,-0.92,-4.52,0.24,1796.00
[16:23:17.542],0.00,0.00,-0.00,0.00,0.06,-0.09,1.02,1.10,-1.28,0.79,1856.00
[16:23:17.567],0.00,0.00,-0.00,0.00,-0.07,-0.19,0.89,-0.12,6.04,-0.79,1856.00
[16:23:17.594],0.00,0.00,-0.00,0.00,0.10,-0.59,1.03,30.46,-4.09,1.40,1856.00
[16:23:17.620],0.00,0.00,-0.00,0.00,-0.31,-3.22,0.70,-37.35,13.79,-2.26,1856.00
[16:23:17.646],0.00,0.00,-0.00,0.00,-0.31,-3.22,0.70,-37.35,13.79,-2.26,1914.00
[16:23:17.672],0.00,0.00,-0.00,0.00,-0.55,0.18,2.57,32.23,7.32,7.63,1914.00
[16:23:17.693],0.00,0.00,-0.00,0.00,0.08,-0.04,1.04,15.50,-7.32,2.69,1941.00
[16:23:17.719],0.00,0.00,-0.00,0.00,0.11,-0.00,0.96,1.89,4.52,-0.24,1941.00
[16:23:17.745],0.00,0.00,-0.00,0.00,-0.00,-0.01,0.91,-3.42,-1.53,1.34,1941.00
[16:23:17.770],0.00,0.00,-0.00,0.00,0.02,0.01,1.04,-4.88,0.24,2.08,1941.00
[16:23:17.796],0.00,0.00,-0.00,0.00,-0.01,0.08,1.12,3.48,1.59,1.40,1929.00
[16:23:17.822],0.00,0.00,-0.00,0.00,-0.01,0.08,1.12,3.48,1.59,1.40,1929.00
[16:23:17.843],0.00,0.00,-0.00,0.00,0.00,0.04,1.04,-2.38,0.12,1.34,1929.00
[16:23:17.869],0.00,0.00,-0.00,0.00,-0.01,0.08,1.04,0.79,0.61,1.46,1929.00
[16:23:17.895],0.00,0.00,-0.00,0.00,0.01,0.07,1.07,0.49,0.55,1.53,1925.00
[16:23:17.921],0.00,0.00,-0.00,0.00,0.00,-0.03,1.03,1.04,0.49,1.71,1925.00
[16:23:17.946],0.00,0.00,-0.00,0.00,0.01,-0.01,1.07,1.46,0.85,1.46,1925.00
[16:23:17.972],0.00,0.00,-0.00,0.00,0.02,0.02,1.03,0.92,0.55,1.59,1925.00
[16:23:17.998],0.00,0.00,-0.00,0.00,-0.00,0.00,1.07,0.92,0.67,1.40,1929.00
[16:23:18.024],0.00,0.00,-0.00,0.00,-0.00,0.00,1.07,0.92,0.67,1.40,1929.00
[16:23:18.045],0.00,0.00,-0.00,0.00,0.02,-0.01,1.02,0.85,0.67,1.46,1921.00
[16:23:18.071],0.00,0.00,-0.00,0.00,0.00,-0.00,1.05,0.85,0.61,1.34,1921.00
[16:23:18.097],0.00,0.00,-0.00,0.00,0.01,0.01,1.03,0.85,0.92,1.40,1921.00
[16:23:18.123],0.00,0.00,-0.00,0.00,0.01,0.00,1.05,0.79,0.61,1.40,1921.00
[16:23:18.148],0.00,0.00,-0.00,0.00,0.01,0.00,1.03,0.79,0.92,1.40,1927.00
[16:23:18.174],0.00,0.00,-0.00,0.00,0.01,0.00,1.05,0.79,0.61,1.28,1927.00
[16:23:18.200],0.00,0.00,-0.00,0.00,0.01,0.00,1.03,0.79,0.79,1.40,1927.00
[16:23:18.226],0.00,0.00,-0.00,0.00,0.01,0.00,1.03,0.79,0.79,1.40,1927.00
[16:23:18.252],0.00,0.00,-0.00,0.00,0.01,0.01,1.04,0.79,0.73,1.40,1924.00
[16:23:18.273],0.00,0.00,-0.00,0.00,0.01,-0.00,1.04,0.92,0.79,1.46,1924.00
[16:23:18.299],0.00,0.00,-0.00,0.00,0.01,0.00,1.04,0.92,0.67,1.40,1924.00
[16:23:18.325],0.00,0.00,-0.00,0.00,0.01,0.00,1.04,0.79,0.73,1.46,1924.00
[16:23:18.350],0.00,0.00,-0.00,0.00,0.01,0.00,1.04,0.92,0.73,1.40,1924.00
[16:23:18.376],0.00,0.00,-0.00,0.00,0.00,-0.00,1.04,0.85,0.73,1.34,1924.00
[16:23:18.402],0.00,0.00,-0.00,0.00,0.01,0.00,1.04,0.79,0.67,1.40,1929.00
[16:23:18.428],0.00,0.00,-0.00,0.00,0.01,0.00,1.04,0.79,0.67,1.40,1929.00
[16:23:18.454],0.00,0.00,-0.00,0.00,0.01,0.00,1.04,0.85,0.73,1.40,1929.00
[16:23:18.480],0.00,0.00,-0.00,0.00,0.01,0.00,1.04,0.73,0.79,1.40,1929.00
[16:23:18.506],0.00,0.00,-0.00,0.00,0.01,0.00,1.04,0.92,0.73,1.40,1928.00
[16:23:18.527],0.00,0.00,-0.00,0.00,0.01,0.00,1.04,0.85,0.73,1.40,1928.00
[16:23:18.552],0.00,0.00,-0.00,0.00,0.01,0.00,1.04,0.85,0.73,1.46,1928.00
[16:23:18.578],0.00,0.00,-0.00,0.00,0.01,0.00,1.04,0.79,0.73,1.40,1928.00
[16:23:18.605],0.00,0.00,-0.00,0.00,0.01,0.00,1.04,0.85,0.73,1.46,1927.00
[16:23:18.631],0.00,0.00,-0.00,0.00,0.01,0.00,1.04,0.85,0.73,1.46,1927.00
[16:23:18.657],0.00,0.00,-0.00,0.00,0.01,0.00,1.04,0.73,0.67,1.46,1927.00
[16:23:18.683],0.00,0.00,-0.00,0.00,0.01,-0.00,1.04,0.85,0.79,1.46,1927.00
[16:23:18.709],0.00,0.00,-0.00,0.00,0.01,0.00,1.04,0.79,0.79,1.40,1924.00
[16:23:18.730],0.00,0.00,-0.00,0.00,0.01,0.00,1.04,0.92,0.85,1.34,1924.00
[16:23:18.755],0.00,0.00,-0.00,0.00,0.01,0.01,1.04,0.67,0.73,1.46,1924.00
[16:23:18.781],0.00,0.00,-0.00,0.00,0.01,0.00,1.04,0.85,0.73,1.53,1924.00
[16:23:18.807],0.00,0.00,-0.00,0.00,0.01,0.00,1.04,0.85,0.73,1.53,1924.00
[16:23:18.833],0.00,0.00,-0.00,0.00,0.01,0.00,1.04,0.79,0.79,1.40,1924.00
[16:23:18.859],0.00,0.00,-0.00,0.00,0.01,0.00,1.04,0.79,0.67,1.46,1928.00
[16:23:18.880],0.00,0.00,-0.00,0.00,0.01,0.00,1.04,0.79,0.73,1.46,1928.00
[16:23:18.906],0.00,0.00,-0.00,0.00,0.01,0.00,1.04,0.85,0.73,1.53,1928.00
[16:23:18.932],0.00,0.00,-0.00,0.00,0.01,0.00,1.04,0.79,0.73,1.40,1928.00
[16:23:18.958],0.00,0.00,-0.00,0.00,0.01,0.00,1.04,0.79,0.73,1.53,1928.00
[16:23:18.984],0.00,0.00,-0.00,0.00,0.01,0.00,1.04,0.85,0.73,1.53,1923.00
[16:23:19.010],0.00,0.00,-0.00,0.00,0.01,0.00,1.04,0.85,0.73,1.53,1923.00
[16:23:19.031],0.00,0.00,-0.00,0.00,0.01,0.00,1.04,0.85,0.79,1.46,1923.00
[16:23:19.057],0.00,0.00,-0.00,0.00,0.01,0.00,1.04,0.79,0.79,1.46,1923.00
[16:23:19.083],0.00,0.00,-0.00,0.00,0.01,0.00,1.04,0.92,0.79,1.40,1929.00
[16:23:19.109],0.00,0.00,-0.00,0.00,0.01,0.00,1.04,0.85,0.67,1.46,1929.00
[16:23:19.135],0.00,0.00,-0.00,0.00,0.01,0.00,1.04,0.92,0.67,1.34,1929.00
[16:23:19.156],0.00,0.00,-0.00,0.00,0.01,0.00,1.04,0.79,0.79,1.40,1929.00
[16:23:19.187],0.00,0.00,-0.00,0.00,0.01,0.00,1.04,0.85,0.73,1.46,1926.00
[16:23:19.209],0.00,0.00,-0.00,0.00,0.01,0.00,1.04,0.85,0.73,1.46,1926.00
[16:23:19.235],0.00,0.00,-0.00,0.00,0.01,0.00,1.04,0.85,0.73,1.46,1926.00
[16:23:19.261],0.00,0.00,-0.00,0.00,0.01,0.00,1.04,0.79,0.67,1.40,1926.00
[16:23:19.287],0.00,0.00,-0.00,0.00,0.01,-0.00,1.04,0.79,0.67,1.46,1927.00
[16:23:19.314],0.00,0.00,-0.00,0.00,0.01,-0.00,1.04,0.79,0.67,1.53,1927.00
[16:23:19.334],0.00,0.00,-0.00,0.00,0.01,0.00,1.04,0.73,0.67,1.53,1930.00
[16:23:19.360],0.00,0.00,-0.00,0.00,0.01,0.00,1.04,0.85,0.67,1.34,1930.00
[16:23:19.386],0.00,0.00,-0.00,0.00,0.01,0.00,1.04,0.85,0.67,1.34,1930.00
[16:23:19.412],0.00,0.00,-0.00,0.00,0.01,0.00,1.04,0.85,0.73,1.46,1930.00
[16:23:19.438],0.00,0.00,-0.00,0.00,0.01,0.00,1.04,0.79,0.73,1.46,1921.00
[16:23:19.460],0.00,0.00,-0.00,0.00,0.01,0.00,1.04,0.85,0.79,1.40,1921.00
[16:23:19.486],0.00,0.00,-0.00,0.00,0.01,0.00,1.04,0.85,0.73,1.46,1921.00
[16:23:19.512],0.00,0.00,-0.00,0.00,0.01,0.00,1.04,0.85,0.73,1.46,1921.00
[16:23:19.538],0.00,0.00,-0.00,0.00,0.01,0.00,1.04,0.79,0.73,1.34,1923.00
[16:23:19.564],0.00,0.00,-0.00,0.00,0.01,0.00,1.04,0.92,0.67,1.53,1923.00
[16:23:19.590],0.00,0.00,-0.00,0.00,0.01,0.00,1.04,0.92,0.67,1.53,1923.00
[16:23:19.615],0.00,0.00,-0.00,0.00,0.01,0.00,1.04,0.85,0.67,1.46,1923.00
[16:23:19.636],0.00,0.00,-0.00,0.00,0.01,0.00,1.04,0.73,0.67,1.40,1918.00
[16:23:19.662],0.00,0.00,-0.00,0.00,0.01,0.00,1.04,0.79,0.67,1.46,1918.00
[16:23:19.688],0.00,0.00,-0.00,0.00,0.01,0.00,1.04,0.79,0.73,1.40,1918.00
[16:23:19.714],0.00,0.00,-0.00,0.00,0.01,0.00,1.04,0.92,0.73,1.46,1918.00
[16:23:19.740],0.00,0.00,-0.00,0.00,0.01,0.00,1.04,0.79,0.85,1.40,1923.00
[16:23:19.761],0.00,0.00,-0.00,0.00,0.01,0.00,1.04,0.79,0.85,1.40,1923.00
[16:23:19.787],0.00,0.00,-0.00,0.00,0.01,0.00,1.04,0.85,0.67,1.40,1929.00
[16:23:19.813],0.00,0.00,-0.00,0.00,0.01,0.00,1.04,0.85,0.73,1.34,1929.00
[16:23:19.839],0.00,0.00,-0.00,0.00,0.01,0.00,1.04,0.79,0.67,1.46,1929.00
[16:23:19.865],0.00,0.00,-0.00,0.00,0.01,0.00,1.05,0.79,0.73,1.53,1929.00
[16:23:19.886],0.00,0.00,-0.00,0.00,0.01,-0.00,1.04,0.92,0.79,1.40,1921.00
[16:23:19.912],0.00,0.00,-0.00,0.00,0.01,0.00,1.04,0.79,0.61,1.40,1921.00
[16:23:19.943],0.00,0.00,-0.00,0.00,0.01,0.00,1.04,0.79,0.73,1.40,1921.00
[16:23:19.964],0.00,0.00,-0.00,0.00,0.01,0.00,1.04,0.79,0.73,1.40,1921.00
[16:23:19.990],0.00,0.00,-0.00,0.00,0.01,0.00,1.04,0.85,0.73,1.46,1920.00
[16:23:20.016],0.00,0.00,-0.00,0.00,0.01,0.00,1.04,0.73,0.73,1.46,1920.00
[16:23:20.042],0.00,0.00,-0.00,0.00,0.01,-0.00,1.04,0.92,0.73,1.46,1920.00
[16:23:20.068],0.00,0.00,-0.00,0.00,0.01,0.00,1.04,0.92,0.79,1.40,1920.00
[16:23:20.089],0.00,0.00,-0.00,0.00,0.01,0.00,1.04,0.85,0.67,1.53,1925.00
[16:23:20.115],0.00,0.00,-0.00,0.00,0.01,0.00,1.04,0.85,0.73,1.40,1925.00
[16:23:20.141],0.00,0.00,-0.00,0.00,0.01,0.00,1.04,0.85,0.73,1.40,1928.00
[16:23:20.167],0.00,0.00,-0.00,0.00,0.01,0.00,1.04,0.79,0.67,1.53,1928.00
[16:23:20.188],0.00,0.00,-0.00,0.00,0.01,0.00,1.04,0.73,0.61,1.40,1928.00
[16:23:20.214],0.00,0.00,-0.00,0.00,0.01,0.00,1.04,0.85,0.67,1.40,1928.00
[16:23:20.240],0.00,0.00,-0.00,0.00,0.01,-0.00,1.04,0.79,0.85,1.46,1928.00
[16:23:20.266],0.00,0.00,-0.00,0.00,0.01,0.00,1.04,0.85,0.67,1.46,1921.00
[16:23:20.292],0.00,0.00,-0.00,0.00,0.01,0.00,1.04,0.85,0.73,1.40,1921.00
[16:23:20.318],0.00,0.00,-0.00,0.00,0.01,0.00,1.04,0.92,0.73,1.46,1921.00
[16:23:20.344],0.00,0.00,-0.00,0.00,0.01,0.00,1.04,0.92,0.73,1.46,1925.00
[16:23:20.370],0.00,0.00,-0.00,0.00,0.01,0.00,1.04,0.79,0.79,1.28,1925.00
[16:23:20.390],0.00,0.00,-0.00,0.00,0.01,0.00,1.04,0.73,0.73,1.40,1925.00
[16:23:20.416],0.00,0.00,-0.00,0.00,0.01,0.00,1.04,0.79,0.73,1.34,1925.00
[16:23:20.442],0.00,0.00,-0.00,0.00,0.01,0.00,1.04,0.92,0.85,1.40,1925.00
[16:23:20.468],0.00,0.00,-0.00,0.00,0.01,0.00,1.04,0.73,0.79,1.46,1922.00
[16:23:20.494],0.00,0.00,-0.00,0.00,0.01,0.00,1.04,0.98,0.73,1.46,1922.00
[16:23:20.515],0.00,0.00,-0.00,0.00,0.01,0.00,1.04,0.98,0.73,1.46,1922.00
[16:23:20.541],0.00,0.00,-0.00,0.00,0.01,0.00,1.04,0.92,0.73,1.40,1922.00
[16:23:20.567],0.00,0.00,-0.00,0.00,0.01,0.00,1.04,0.79,0.73,1.34,1927.00
[16:23:20.593],0.00,0.00,-0.00,0.00,0.01,0.00,1.04,0.85,0.67,1.53,1927.00
[16:23:20.619],0.00,0.00,-0.00,0.00,0.01,0.00,1.04,0.79,0.73,1.46,1922.00
[16:23:20.645],0.00,0.00,-0.00,0.00,0.01,0.00,1.04,0.79,0.73,1.46,1922.00
[16:23:20.665],0.00,0.00,-0.00,0.00,0.01,0.00,1.04,0.92,0.73,1.34,1922.00
[16:23:20.697],0.00,0.00,-0.00,0.00,0.01,0.00,1.04,0.85,0.73,1.46,1922.00
[16:23:20.717],0.00,0.00,-0.00,0.00,0.01,0.00,1.04,0.85,0.73,1.46,1925.00
[16:23:20.743],0.00,0.00,-0.00,0.00,0.01,-0.00,1.04,0.79,0.67,1.40,1925.00
[16:23:20.769],0.00,0.00,-0.00,0.00,0.01,0.00,1.04,0.85,0.67,1.40,1925.00
[16:23:20.796],0.00,0.00,-0.00,0.00,0.01,0.00,1.04,0.85,0.73,1.53,1925.00
[16:23:20.817],0.00,0.00,-0.00,0.00,0.01,0.00,1.04,0.92,0.73,1.40,1928.00
[16:23:20.843],0.00,0.00,-0.00,0.00,0.01,0.00,1.04,0.79,0.79,1.40,1928.00
[16:23:20.869],0.00,0.00,-0.00,0.00,0.01,-0.00,1.04,0.85,0.79,1.46,1928.00
[16:23:20.895],0.00,0.00,-0.00,0.00,0.01,-0.00,1.04,0.85,0.79,1.46,1928.00
[16:23:20.921],0.00,0.00,-0.00,0.00,0.01,0.00,1.04,0.85,0.73,1.46,1924.00
[16:23:20.947],0.00,0.00,-0.00,0.00,0.01,0.00,1.04,0.79,0.85,1.46,1924.00
[16:23:20.968],0.00,0.00,-0.00,0.00,0.01,0.00,1.04,0.79,0.73,1.40,1930.00
[16:23:20.994],0.00,0.00,-0.00,0.00,0.01,0.00,1.04,0.67,0.73,1.40,1930.00
[16:23:21.020],0.00,0.00,-0.00,0.00,0.01,0.00,1.04,0.85,0.92,1.34,1930.00
[16:23:21.046],0.00,0.00,-0.00,0.00,0.01,-0.00,1.04,0.73,0.73,1.46,1930.00
[16:23:21.072],0.00,0.00,-0.00,0.00,0.01,0.00,1.04,0.85,0.85,1.40,1924.00
[16:23:21.098],0.00,0.00,-0.00,0.00,0.01,0.00,1.04,0.85,0.85,1.40,1924.00
[16:23:21.124],0.00,0.00,-0.00,0.00,0.01,0.00,1.04,0.85,0.73,1.53,1924.00
[16:23:21.145],0.00,0.00,-0.00,0.00,0.01,0.00,1.04,0.85,0.73,1.46,1924.00
[16:23:21.171],0.00,0.00,-0.00,0.00,0.01,0.00,1.04,0.73,0.79,1.34,1922.00
[16:23:21.197],0.00,0.00,-0.00,0.00,0.01,0.00,1.04,0.73,0.73,1.53,1922.00
[16:23:21.222],0.00,0.00,-0.00,0.00,0.01,0.00,1.04,0.85,0.85,1.40,1922.00
[16:23:21.248],0.00,0.00,-0.00,0.00,0.01,0.00,1.04,0.73,0.73,1.40,1922.00
[16:23:21.274],0.00,0.00,-0.00,0.00,0.01,0.00,1.04,0.85,0.61,1.46,1923.00
[16:23:21.300],0.00,0.00,-0.00,0.00,0.01,0.00,1.04,0.85,0.61,1.46,1923.00
[16:23:21.322],0.00,0.00,-0.00,0.00,0.01,0.00,1.04,0.73,0.61,1.40,1923.00
[16:23:21.348],0.00,0.00,-0.00,0.00,0.01,0.00,1.04,0.85,0.73,1.46,1923.00
[16:23:21.374],0.00,0.00,-0.00,0.00,0.01,0.00,1.04,0.79,0.73,1.53,1929.00
[16:23:21.400],0.00,0.00,-0.00,0.00,0.01,0.00,1.04,0.73,0.73,1.46,1929.00
[16:23:21.426],0.00,0.00,-0.00,0.00,0.01,0.00,1.04,0.73,0.73,1.34,1920.00
[16:23:21.452],0.00,0.00,-0.00,0.00,0.01,0.00,1.04,0.85,0.67,1.53,1920.00
[16:23:21.473],0.00,0.00,-0.00,0.00,0.01,0.00,1.04,0.85,0.67,1.53,1920.00
[16:23:21.498],0.00,0.00,-0.00,0.00,0.01,-0.00,1.04,0.85,0.79,1.40,1920.00
[16:23:21.524],0.00,0.00,-0.00,0.00,0.01,0.00,1.04,0.92,0.73,1.40,1921.00
