epoch,time,train/box_loss,train/cls_loss,train/l1_loss,metrics/precision(B),metrics/recall(B),metrics/mAP50(B),metrics/mAP50-95(B),val/box_loss,val/cls_loss,val/l1_loss,lr/pg0,lr/pg1,lr/pg2
1,84.9114,1.88225,5.07893,0.01802,0.59731,0.26237,0.25817,0.16349,1.15132,4.15129,0.01064,0.0002929,0.0002929,0.0002929
2,181.046,1.63712,3.07456,0.01535,0.73359,0.23168,0.24243,0.14595,1.52518,3.98465,0.01348,0.000584101,0.000584101,0.000584101
3,276.622,1.62572,2.23284,0.01461,0.7102,0.34101,0.41059,0.23491,1.52033,2.39601,0.01405,0.000863304,0.000863304,0.000863304
4,483.592,1.62816,1.83214,0.01451,0.75077,0.30725,0.34211,0.19069,1.59415,2.68138,0.01459,0.000855005,0.000855005,0.000855005
5,666.279,1.56784,1.63545,0.01372,0.74777,0.42532,0.50308,0.26899,1.51393,2.15149,0.01239,0.000837007,0.000837007,0.000837007
6,827.352,1.50709,1.44982,0.0135,0.68939,0.51959,0.48678,0.29571,1.50982,1.81454,0.01433,0.000819009,0.000819009,0.000819009
7,1153.71,1.48188,1.35309,0.01337,0.71181,0.54735,0.56327,0.36211,1.37205,1.81112,0.01287,0.000801011,0.000801011,0.000801011
8,1374.76,1.41451,1.26408,0.01327,0.77631,0.52458,0.63015,0.40156,1.35294,1.37549,0.01265,0.000783013,0.000783013,0.000783013
9,1441.15,1.41713,1.24864,0.0126,0.84043,0.48708,0.59612,0.39745,1.34503,1.33546,0.01194,0.000765014,0.000765014,0.000765014
10,1492.26,1.33356,1.15285,0.01147,0.69713,0.4873,0.52456,0.34305,1.32753,1.55381,0.01134,0.000747016,0.000747016,0.000747016
11,1719.92,1.34444,1.09139,0.01152,0.73717,0.48527,0.5615,0.38186,1.21589,1.60477,0.01113,0.000729018,0.000729018,0.000729018
12,1973.88,1.26904,1.06531,0.01092,0.78161,0.60577,0.66684,0.45331,1.25657,1.22177,0.0122,0.00071102,0.00071102,0.00071102
13,2126.38,1.23507,0.99793,0.01126,0.71148,0.50476,0.54726,0.40211,1.13474,1.66885,0.00966,0.000693022,0.000693022,0.000693022
14,2295.03,1.23292,0.98806,0.01045,0.81052,0.57078,0.64047,0.45074,1.21237,1.25556,0.01075,0.000675023,0.000675023,0.000675023
15,2560.32,1.20187,0.95774,0.01016,0.6426,0.59539,0.64724,0.46167,1.13862,1.257,0.01027,0.000657025,0.000657025,0.000657025
16,2745.72,1.19596,0.95703,0.01019,0.72405,0.57429,0.64148,0.44805,1.21605,1.42891,0.01123,0.000639027,0.000639027,0.000639027
17,3064.07,1.19529,0.89898,0.01025,0.70392,0.47963,0.58672,0.42395,1.17721,1.50497,0.01126,0.000621029,0.000621029,0.000621029
18,3263.15,1.14205,0.85527,0.01023,0.77712,0.5418,0.63735,0.46822,1.2036,1.39876,0.01162,0.000603031,0.000603031,0.000603031
19,3689.22,1.16618,0.86349,0.0106,0.7936,0.61699,0.72616,0.54281,1.10656,1.08573,0.00885,0.000585032,0.000585032,0.000585032
20,3815.24,1.11031,0.79178,0.00968,0.68348,0.64101,0.73927,0.49489,1.10578,1.23669,0.00941,0.000567034,0.000567034,0.000567034
21,3948.07,1.07991,0.75114,0.009,0.77158,0.68719,0.74776,0.54042,1.14308,1.09609,0.00991,0.000549036,0.000549036,0.000549036
22,4072.41,1.08697,0.74988,0.00893,0.79517,0.65978,0.73893,0.48676,1.15866,1.25639,0.00926,0.000531038,0.000531038,0.000531038
23,4189.22,1.05882,0.76816,0.00873,0.9181,0.56213,0.6355,0.46134,1.12708,1.22615,0.0097,0.00051304,0.00051304,0.00051304
24,4249.21,1.03374,0.75475,0.00882,0.6571,0.58245,0.6363,0.49032,1.15419,1.13932,0.00957,0.000495041,0.000495041,0.000495041
25,4359,1.00536,0.66505,0.00838,0.83281,0.63416,0.69927,0.5142,1.12502,1.06084,0.00956,0.000477043,0.000477043,0.000477043
26,4541.73,0.98892,0.65474,0.00805,0.91613,0.59127,0.67983,0.49946,1.14847,1.06402,0.01033,0.000459045,0.000459045,0.000459045
27,4682.86,0.95843,0.62536,0.00786,0.92838,0.61623,0.7189,0.52378,1.09495,0.92366,0.00859,0.000441047,0.000441047,0.000441047
28,4906.74,0.9556,0.62618,0.0075,0.88174,0.60468,0.66637,0.46709,1.2622,1.12128,0.01054,0.000423049,0.000423049,0.000423049
29,5073.39,0.94848,0.62489,0.00785,0.77727,0.59486,0.66943,0.48654,1.08642,1.10138,0.00814,0.00040505,0.00040505,0.00040505
30,5212.11,0.92246,0.62676,0.00735,0.91848,0.53894,0.64288,0.49902,1.03981,1.23031,0.01001,0.000387052,0.000387052,0.000387052
31,5568.81,0.91923,0.60914,0.00736,0.82327,0.60927,0.64672,0.4895,1.02744,1.20786,0.00872,0.000369054,0.000369054,0.000369054
32,5729.53,0.8781,0.55169,0.00716,0.82589,0.61172,0.66822,0.52575,0.94729,1.06963,0.0085,0.000351056,0.000351056,0.000351056
33,5939.55,0.87636,0.56169,0.00712,0.79629,0.66969,0.65916,0.51652,0.95065,1.17031,0.00815,0.000333058,0.000333058,0.000333058
34,6065.78,0.83713,0.5641,0.00647,0.77112,0.64411,0.68823,0.51635,0.99691,1.12973,0.00972,0.000315059,0.000315059,0.000315059
35,6204.66,0.856,0.53797,0.00651,0.86995,0.64738,0.67534,0.52593,0.93289,1.12901,0.0081,0.000297061,0.000297061,0.000297061
36,6393.22,0.83913,0.52689,0.00641,0.91801,0.60137,0.66835,0.53273,0.954,1.06099,0.00834,0.000279063,0.000279063,0.000279063
37,6533.28,0.81442,0.52483,0.00674,0.86872,0.62877,0.67557,0.53032,0.96589,1.08993,0.00849,0.000261065,0.000261065,0.000261065
38,6674.95,0.80901,0.51561,0.00608,0.88928,0.59459,0.67201,0.52933,0.98291,1.11467,0.00908,0.000243067,0.000243067,0.000243067
39,6847.43,0.81279,0.50345,0.00663,0.90957,0.57449,0.66602,0.53339,1.00886,1.04864,0.00859,0.000225068,0.000225068,0.000225068
40,7011.4,0.7823,0.47781,0.00614,0.87093,0.64551,0.67082,0.54582,0.9289,1.01387,0.00756,0.00020707,0.00020707,0.00020707
41,7108.55,0.70368,0.35327,0.00728,0.87976,0.64391,0.67371,0.54637,0.94571,1.00945,0.0079,0.000189072,0.000189072,0.000189072
42,7163.51,0.64376,0.30805,0.00613,0.89602,0.64343,0.6669,0.53336,1.00769,0.98733,0.00881,0.000171074,0.000171074,0.000171074
43,7332.25,0.62914,0.31362,0.00633,0.88488,0.61024,0.66195,0.53114,0.9629,1.07485,0.00775,0.000153076,0.000153076,0.000153076
44,7507.61,0.61539,0.30112,0.00595,0.73105,0.63573,0.66093,0.53845,0.97414,1.06617,0.00819,0.000135077,0.000135077,0.000135077
45,7681.44,0.60497,0.27761,0.00558,0.70389,0.63879,0.66166,0.52975,0.96526,1.09409,0.00808,0.000117079,0.000117079,0.000117079
46,7885.24,0.57872,0.27972,0.00549,0.75585,0.57411,0.649,0.52404,0.95135,1.18858,0.00862,9.9081e-05,9.9081e-05,9.9081e-05
47,8069.18,0.59369,0.28461,0.00539,0.85239,0.61665,0.64219,0.52028,0.92465,1.16308,0.00861,8.10828e-05,8.10828e-05,8.10828e-05
48,8253.54,0.57106,0.2662,0.00543,0.69706,0.63527,0.64905,0.53265,0.89695,1.12513,0.00771,6.30846e-05,6.30846e-05,6.30846e-05
49,8434.33,0.56455,0.28119,0.00518,0.69322,0.62557,0.64938,0.5304,0.91305,1.18916,0.00829,4.50864e-05,4.50864e-05,4.50864e-05
50,8713.8,0.5649,0.26731,0.00536,0.86591,0.60238,0.65108,0.53134,0.91624,1.15027,0.00839,2.70882e-05,2.70882e-05,2.70882e-05
